exp,item,sent,hasIC,num,isHIGH,tf_surp,LSTM_1_surp,LSTM_10_surp,LSTM_11_surp,LSTM_12_surp,LSTM_13_surp,LSTM_14_surp,LSTM_15_surp,LSTM_16_surp,LSTM_17_surp,LSTM_18_surp,LSTM_19_surp,LSTM_2_surp,LSTM_20_surp,LSTM_21_surp,LSTM_22_surp,LSTM_23_surp,LSTM_24_surp,LSTM_25_surp,LSTM_3_surp,LSTM_4_surp,LSTM_5_surp,LSTM_6_surp,LSTM_7_surp,LSTM_8_surp,LSTM_9_surp,LSTM_avg_surp
reading,1,The woman scolded the chef of the aristocrats who was,1,sg,1,3.593528032,5.118201733,6.121090889,6.111232758,6.839605331,7.41347599,6.64836216,5.232179165,4.493425846,5.813976765,5.507406712,6.06597662,4.561118126,5.505407333,5.480968475,5.775802135,6.087562561,6.802914143,5.824756622,3.387113094,5.120001793,5.887971878,5.117304802,6.365060806,6.850381374,4.23071003,5.694480286
reading,1,The woman scolded the chefs of the aristocrat who was,1,sg,0,4.685864449,2.979745388,3.724931955,2.71112895,3.529879332,3.264303923,3.192197561,3.075707912,2.658032894,2.951908112,3.248991013,5.573431492,2.736811399,3.173840046,3.776026726,3.282287121,3.343611002,3.787151814,3.517539263,3.372996569,3.295020342,2.896164179,4.035754681,3.143377066,3.183518648,3.783579826,3.369517488
reading,1,The woman scolded the chef of the aristocrats who were,1,pl,0,5.564909935,3.283844709,3.451880217,3.078493834,2.624277592,3.317725658,3.148559332,3.38887167,2.851238966,3.358679533,3.187648296,3.381652594,4.259245872,3.166271448,3.389254808,4.770919323,3.218486071,3.78950882,3.168348312,4.181349754,3.479758024,3.319591284,3.831100225,3.317457914,2.909438848,4.046367645,3.43679883
reading,1,The woman scolded the chefs of the aristocrat who were,1,pl,1,5.032856464,7.208877087,4.812378407,5.871643066,5.418358803,5.887785912,5.872004986,5.037868977,5.880161285,5.271972179,6.028994083,4.669992924,6.592943192,4.710758209,4.312718391,6.65787077,5.109277248,5.318517208,4.834476471,3.966920137,4.23084116,5.462164402,4.504664421,6.148914337,6.232674599,5.755218983,5.431919889
reading,1,The woman studied with the chef of the aristocrats who was,0,sg,1,2.937952042,4.729838371,5.727737427,5.635404587,7.98603487,6.113870621,4.663809776,4.377593994,3.801040888,4.138259888,4.719510555,4.870665073,4.045342922,4.222153664,3.914480686,4.640114784,4.389533997,5.997678757,4.0946455,3.361909151,3.861568451,5.783270359,4.48884058,3.82642889,6.335508347,3.261291981,4.759461365
reading,1,The woman studied with the chefs of the aristocrat who was,0,sg,0,3.465662003,3.260909796,3.883337736,2.977285862,5.910861969,3.289048433,2.739340067,4.296742439,2.560690165,2.851402044,3.045414448,5.125404835,2.642483711,2.751496553,2.5871768,2.833464146,3.041264534,3.569200277,3.356411457,3.252566814,2.91236186,3.170156956,3.195757866,2.912479877,4.173646927,2.905263662,3.329766769
reading,1,The woman studied with the chef of the aristocrats who were,0,pl,0,7.26554203,3.282100677,3.727643728,3.400565863,2.968224049,5.407057762,3.85747385,5.012731552,4.190743923,4.382603168,3.717052698,3.385517597,5.115022659,3.851608276,4.003118992,5.408351898,3.875990868,3.619940042,3.870359421,5.079709053,3.876951933,3.333171129,3.858668804,5.072484493,3.264758348,4.662460804,4.088972464
reading,1,The woman studied with the chefs of the aristocrat who were,0,pl,1,5.935725212,5.291866779,4.92075634,5.385962009,4.894194126,8.653375626,6.080435753,5.516778946,7.087958813,5.56636858,6.090996265,4.329194069,7.610359669,6.339922905,5.700340748,6.813250065,5.518218994,6.716706753,4.682434559,4.332304001,4.632437229,5.487917423,4.782952785,6.868182182,5.4771595,7.015152454,5.831809063
reading,1,The woman scolded the aristocrat of the chefs who was,1,sg,1,4.219479561,5.326223373,5.937457561,5.912639618,6.206719875,7.400187969,5.985584259,5.486736298,3.948837042,6.116085052,6.633187771,5.603584766,4.694930553,5.874312401,5.89484024,6.157857895,6.544679165,7.203408241,5.862767696,4.280342102,5.047509193,5.997091293,5.57344532,5.508470058,6.685094833,4.563486576,5.777819166
reading,1,The woman scolded the aristocrats of the chef who was,1,sg,0,3.688263893,2.670600653,3.703845501,2.769953966,3.788131237,3.22698164,3.414517403,3.556659937,2.75505209,2.991498947,2.789724827,5.733301163,2.747321844,2.808398485,3.372346163,3.204542398,2.988465786,3.023737669,3.683991194,3.292046309,3.271375179,2.902628183,4.081280231,3.268904209,3.408305407,3.949578047,3.336127539
reading,1,The woman scolded the aristocrat of the chefs who were,1,pl,0,4.681007862,3.220791101,3.892414331,3.232864857,3.256398678,3.407376766,3.324839592,3.589985132,3.41038394,3.306144238,2.945846796,3.729239464,4.094890118,3.188145161,3.633206367,4.275653362,3.465455294,3.848657608,3.440807104,3.719721317,3.53017354,3.402318001,4.536341667,3.726379156,3.153012514,3.995974302,3.573080816
reading,1,The woman scolded the aristocrats of the chef who were,1,pl,1,6.460046768,7.16865778,4.327431202,5.182304859,6.061387062,6.211983204,5.954841614,4.632013798,4.974810123,4.871083736,6.242495537,5.027630329,7.099164009,5.223919392,4.670516491,6.849947453,5.058193207,6.654947758,5.209810257,4.0520401,4.684192181,6.406868458,4.896597385,6.061754227,4.878197193,5.547962666,5.517950001
reading,1,The woman studied with the aristocrat of the chefs who was,0,sg,1,3.499941349,5.101547718,6.014285564,5.689755917,7.269452572,5.636030197,4.296791077,4.081659317,3.691582203,4.25468111,5.517757893,4.952550888,4.171274185,4.753023148,3.878516912,5.209620953,4.55782032,5.823796272,4.096478462,4.192837715,3.631260157,5.992537498,4.624367237,3.920466185,6.163644314,3.750391245,4.850885162
reading,1,The woman studied with the aristocrats of the chef who was,0,sg,0,2.669344664,2.753868341,3.710898161,3.222899199,5.603383064,3.036213398,2.99282527,4.805418968,2.584999084,2.936263561,2.678496122,5.658237457,2.64650178,2.441384315,2.253828764,2.757797718,2.966476202,2.976506948,3.392410517,3.102791548,2.942094088,3.005693674,3.224717379,2.922444105,4.457680225,2.940094709,3.280556984
reading,1,The woman studied with the aristocrat of the chefs who were,0,pl,0,5.335663319,3.419895649,3.852674484,3.615632534,3.356377125,5.467758179,3.913733482,5.05398035,4.455714703,4.47602272,3.603790522,3.472023964,5.120731354,3.446859121,4.203511715,4.889590263,3.994833231,3.502766848,4.209015846,4.272262096,4.274250984,3.486147165,4.281084538,5.289878845,3.360530615,4.401810646,4.136835079
reading,1,The woman studied with the aristocrats of the chef who were,0,pl,1,8.581817627,5.922072411,4.591006279,5.348072529,5.274886608,8.618565559,5.875790119,5.665999413,7.100843906,5.158869743,6.483587742,5.126047611,8.16868782,6.11720705,6.022199631,6.827504635,5.423316956,7.371930599,5.301618576,4.473178387,5.335974216,6.132148743,4.951992989,6.283927441,4.670648575,6.722361565,5.958737564
reading,3,The woman assisted the maid of the executives who was,1,sg,1,4.564344883,5.207575321,5.85759306,6.243824005,7.413309574,7.967719555,6.489212036,4.885055542,5.099130154,6.094573975,5.988924503,7.264723301,5.521377087,6.239069462,5.263727665,6.305388927,6.167311668,6.141609192,5.192893505,3.985433102,5.0782547,6.708696365,5.146425724,6.047392845,6.205116272,5.413528919,5.917114658
reading,3,The woman assisted the maids of the executive who was,1,sg,0,5.915105343,4.171197414,3.947573185,2.498654127,6.202667236,4.093108177,3.70386219,5.660300255,2.766760826,3.439096451,2.610944748,5.443780899,2.941957235,3.578982592,3.234428167,3.0189569,3.71391058,3.199877501,4.007400036,2.921345949,3.885136604,5.459694862,4.721525192,3.144215822,3.471275806,4.097864151,3.837380676
reading,3,The woman assisted the maid of the executives who were,1,pl,0,4.333827496,3.115217686,4.070312023,3.476628542,3.012778282,3.522122145,3.735355616,3.544357538,3.24145484,3.351354361,3.049869776,3.111927032,3.906930685,3.448088169,3.89794445,3.947511196,3.591717005,3.712564707,3.561017513,4.100936413,3.946011782,3.957210779,3.709140539,3.904836893,3.211761236,4.249167919,3.615048685
reading,3,The woman assisted the maids of the executive who were,1,pl,1,3.224867582,3.467859983,5.42364645,5.192052364,3.959980726,5.412210941,4.634683132,3.764374495,5.039420605,5.006733418,5.783253193,4.922498703,6.403303623,5.07508707,3.700951099,6.418626308,4.592095375,6.053014755,4.18905735,4.403624535,4.587394238,5.845415115,3.760803699,5.048120022,6.249937534,5.931839943,4.994639387
reading,3,The woman joked with the maid of the executives who was,0,sg,1,5.446182251,4.869644165,5.42932272,5.58726263,6.389151096,7.327373028,5.319694996,4.084932804,5.456978321,6.028934956,5.592962265,6.309587955,4.605125427,5.272955894,5.110402584,6.101620197,5.236225128,6.266788006,4.75412178,4.42435503,4.524620533,6.234516144,4.765262604,4.562647343,6.382244587,4.603495598,5.409609032
reading,3,The woman joked with the maids of the executive who was,0,sg,0,7.50034523,3.72359395,3.536913633,2.571366787,5.44522953,3.443975687,3.385313749,3.640306473,3.202329874,3.118307829,2.439622164,4.574132919,2.789560318,3.425051212,3.183493137,4.202376366,3.588815212,3.120572567,3.717425108,3.13928318,4.097520351,4.505647659,4.447481155,3.403937578,3.525360823,3.323514462,3.582045269
reading,3,The woman joked with the maid of the executives who were,0,pl,0,2.865443707,3.959112883,3.883238554,3.347176313,3.423345089,3.509895086,4.101260185,3.841470242,4.065965176,3.855510473,3.346369743,3.32586956,4.361461639,3.667655945,3.658646107,5.460668564,3.703120708,3.931307316,4.101202965,4.783191681,4.204495907,3.594176531,4.026580811,4.033931732,3.262561321,4.131236553,3.903178043
reading,3,The woman joked with the maids of the executive who were,0,pl,1,2.225748301,4.429549694,5.359570503,5.473341942,4.290524006,5.564683914,5.931232929,4.873181343,4.77618885,6.121333122,6.777273655,4.902951241,6.308226109,4.887150288,3.620214939,7.089122295,4.73277235,6.560852051,5.13598299,4.811493874,4.91166687,5.357717037,4.131258965,5.614678383,6.559531212,5.923886776,5.365775414
reading,3,The woman assisted the executive of the maids who was,1,sg,1,5.27449131,5.511838436,6.33328867,6.814994812,7.295345306,8.236711502,5.636042595,5.657982826,4.694610119,5.229752541,4.981378078,6.267248631,5.493291855,6.414039135,5.130764484,5.60575676,6.176150322,6.019528866,5.463267326,3.494864225,4.632518768,6.178388596,5.88285017,6.371397495,5.80561161,4.947138309,5.770990458
reading,3,The woman assisted the executives of the maid who was,1,sg,0,2.902563572,3.217761278,4.149632931,3.261814117,4.653610229,3.616911411,3.723432302,5.350175381,3.751953602,3.202506304,2.930944443,5.288516998,2.850232124,3.203895807,3.520103693,3.173866987,3.415786743,3.087979078,3.404341459,2.978886843,3.612189054,3.767155409,4.555018425,3.131893873,3.436648846,5.217024326,3.700091267
reading,3,The woman assisted the executive of the maids who were,1,pl,0,4.073586464,2.926663876,3.943448067,3.255332232,2.84972167,3.188709497,3.347005606,3.258923769,2.821856499,3.602192402,2.869015694,3.246687174,3.466302872,3.593099833,3.046023846,4.207408428,3.22501564,3.238525391,3.554456711,4.289634705,4.041561604,3.601211071,3.340257406,3.919363976,3.349283695,4.157065392,3.453550682
reading,3,The woman assisted the executives of the maid who were,1,pl,1,7.399200439,6.202131748,5.59372282,4.593729973,6.191144466,6.839148045,5.1166749,4.074965477,3.892806053,4.969109058,5.735146523,5.180826664,6.469554424,5.505000114,4.278367043,5.768882751,4.986457348,6.596063137,4.924109459,3.892223358,4.657515049,6.255605698,4.407550812,5.22305584,4.927735806,5.501398087,5.271316986
reading,3,The woman joked with the executive of the maids who was,0,sg,1,6.299894333,4.634522915,5.642715454,6.076290131,5.922647953,7.604260445,4.738238335,4.334897518,5.35689497,4.817543507,4.404728889,5.121264458,4.447101116,4.937707424,5.116326332,5.362383842,5.273149967,5.147867203,4.662696838,3.730275393,4.441861153,6.058310986,5.279697418,4.405324936,5.797698975,4.532964706,5.113894835
reading,3,The woman joked with the executives of the maid who was,0,sg,0,2.630086899,3.15416646,3.356373072,3.358083963,4.12302494,3.250719309,3.060346365,3.120423079,4.388095856,2.667052984,2.764769554,4.137514591,2.678667545,3.131744623,3.148078442,4.443662167,3.572437048,3.101042986,3.282690763,3.11327672,3.778196096,3.144358635,4.430299759,3.146631479,3.057537794,4.163620949,3.422912607
reading,3,The woman joked with the executive of the maids who were,0,pl,0,2.375993252,3.544543982,3.658404589,3.332763433,3.490228415,3.268056393,3.606530428,3.882888556,3.745736599,3.825741291,3.321891546,3.517903328,4.43559742,3.801131964,3.14431262,5.252639771,3.351742983,3.511318922,4.009408951,5.022258759,4.294408798,3.268533707,3.359347343,4.314925194,3.237273455,4.056410313,3.77015995
reading,3,The woman joked with the executives of the maid who were,0,pl,1,5.495248795,5.527206421,5.411349773,4.975428104,6.256921291,6.741146088,6.057987213,5.323635101,3.842205286,5.84323597,6.473164082,5.327122688,6.984082699,4.977562904,5.012770653,6.761037827,5.113453865,6.586195469,5.709558487,4.300534725,4.582583427,6.018140793,5.125856876,5.187787533,5.411968231,5.58313942,5.565362997
reading,4,The man trusted the captain of the sailors who was,1,sg,1,2.684758425,5.265179157,5.583087444,6.481869221,6.50699234,7.494084835,5.304055214,4.827145576,5.167850971,5.165118694,5.707974911,5.416027546,5.874946117,6.040219307,4.409098625,6.060163498,5.955397129,7.015346527,6.168312073,3.405629396,5.292335987,6.318313599,5.412193775,7.674850941,5.860694885,5.146733284,5.742144842
reading,4,The man trusted the captains of the sailor who was,1,sg,0,2.66840744,3.384238958,4.313928127,3.209180117,3.669003487,3.349631548,3.057461739,4.941557407,2.734759808,3.115021706,3.051149368,4.280988216,3.263602495,3.108453512,3.666092873,3.384406328,3.632467985,3.183479786,3.760141373,2.978367805,4.082705975,3.212423086,4.02568388,3.129763365,3.400422096,3.586335659,3.500850668
reading,4,The man trusted the captain of the sailors who were,1,pl,0,7.664736271,3.001995087,4.153445244,3.370940208,2.948555946,3.862495422,3.772355556,3.095939159,3.021698713,3.574973822,3.059354067,3.497471571,3.246616125,3.057334661,3.372984409,4.300323963,3.355408669,3.498906612,3.145569563,3.95810771,4.209824562,3.209645033,3.448814869,3.888309002,3.191855669,3.533229351,3.4710462
reading,4,The man trusted the captains of the sailor who were,1,pl,1,5.928550243,5.105716228,4.701947212,4.49731493,6.329145908,6.356879234,6.708978653,4.136631966,6.256686211,4.795582294,5.157859802,4.983631134,4.447776318,4.365104675,3.894294739,6.022463799,3.880285263,6.465773106,4.332517624,3.810437679,4.262525558,5.049013138,4.787532806,6.011836529,5.740145683,5.979660034,5.123189621
reading,4,The man stood near the captain of the sailors who was,0,sg,1,2.197745323,5.675949574,5.394431591,6.781487942,6.001280785,7.739822865,5.179610252,3.901144981,4.956992149,5.621364594,5.435501575,5.780643463,6.287164688,5.91159153,4.684792995,5.776027679,6.128103733,7.3505373,5.882716179,3.36190176,4.139960766,5.612235546,5.352895737,6.824304104,6.02585268,4.940276146,5.629863625
reading,4,The man stood near the captains of the sailor who was,0,sg,0,2.676668644,2.862394571,3.318925142,2.852690458,4.114767551,3.221523285,2.647331715,4.034404278,2.317132473,2.949560165,2.763898849,3.577151299,3.220326424,2.731501341,2.965827703,3.016354084,2.88667345,2.655595779,3.22978282,2.585444212,2.874529123,2.814439058,3.384684563,2.719968557,2.972561598,2.982190132,3.027986345
reading,4,The man stood near the captain of the sailors who were,0,pl,0,6.462366581,2.951483011,3.689296484,2.950701714,3.237289667,3.319365025,3.779486895,3.637622118,3.002818108,2.864815712,3.328005552,3.097594976,3.457845449,3.1822474,3.425465822,4.198622227,3.44390583,2.806930065,3.440268278,3.84367466,3.735856771,3.315397739,2.997279882,3.969585896,3.26506567,3.65615201,3.383871078
reading,4,The man stood near the captains of the sailor who were,0,pl,1,3.884381533,7.276495934,4.966320515,5.641398907,5.650378704,7.369716167,8.536646843,5.503129005,6.639260292,5.509930611,5.57738924,5.816244125,5.448091984,5.818419456,5.78203392,5.906898022,5.113119602,6.428111076,5.905596733,4.98732233,5.250204086,5.545384407,4.709872723,6.799145699,6.256845951,6.806373119,5.969773178
reading,4,The man trusted the sailor of the captains who was,1,sg,1,5.764893532,5.992646217,5.76294899,5.273526192,7.559165001,6.842614651,5.328193665,6.298640251,5.030572891,5.928272247,6.80242157,6.957300663,5.998215675,5.053848267,4.708763123,6.317477703,5.577474594,7.551586151,5.904249668,3.873529434,4.994682312,6.388334274,5.721802711,5.481389046,6.580615997,4.089531898,5.840712128
reading,4,The man trusted the sailors of the captain who was,1,sg,0,2.709489107,3.636033535,3.933124542,3.755092859,3.706463337,3.418385744,2.9141047,5.101443291,2.888344049,2.869537354,2.902554989,4.639111519,2.772203922,2.914402485,3.118275166,3.163002253,3.673051834,4.046908379,4.08447361,2.702505112,3.865144014,2.90884757,3.823344946,3.16494894,3.258806467,3.839097261,3.483968315
reading,4,The man trusted the sailor of the captains who were,1,pl,0,3.098839045,3.091941595,4.142840862,3.966751099,2.833426952,4.142799854,4.23063755,3.36887908,3.387178421,3.60223341,2.915137291,3.368222237,3.339022398,3.348081589,3.462428331,4.458362103,3.586487532,3.912915945,3.397145748,4.990126133,4.246467113,3.146166325,3.778258324,4.819298744,3.367541552,3.885519028,3.711514769
reading,4,The man trusted the sailors of the captain who were,1,pl,1,7.560754776,4.884962082,5.138382912,4.76229763,5.184052944,7.312676907,5.899442673,4.514990807,4.779898643,5.054285526,5.928411007,6.178480148,5.720046997,5.045428753,4.287064075,6.282815933,4.265750885,6.659825802,4.396627903,4.112798691,5.022358894,5.620504856,4.481211662,5.278605938,6.174521923,5.459905624,5.297813969
reading,4,The man stood near the sailor of the captains who was,0,sg,1,6.440633297,6.499094963,5.654262543,5.716348171,6.933463573,7.591491699,5.466005325,5.619777679,4.829758644,6.044357777,6.182758331,6.976257324,6.369567394,4.915959835,4.791755676,6.203630447,5.602020741,7.190346718,5.355133533,3.654441357,3.773638487,5.573604107,5.196427822,5.076441288,6.716480255,4.184189796,5.68468854
reading,4,The man stood near the sailors of the captain who was,0,sg,0,2.315405369,2.938764572,3.060719252,2.855293512,3.772815704,3.493527889,2.463718414,4.028143883,2.41408205,2.53838706,2.603265047,4.21088171,2.825260162,2.656734228,2.838943958,2.69024086,2.969092607,3.014746189,3.492771864,2.417154551,2.520295858,2.460706234,2.787632465,2.603994608,2.848468065,3.391762733,2.955896139
reading,4,The man stood near the sailor of the captains who were,0,pl,0,2.471532583,3.134665489,3.801493645,3.407996893,2.966555595,3.6778934,4.167294025,3.769534588,3.345919609,3.127691984,3.213879347,2.888946295,3.609806776,3.52467227,3.526870251,3.981819153,3.792687654,3.291252613,3.817670584,5.184381485,4.02280283,3.210431814,3.290213585,4.727451324,3.342563391,4.092912674,3.636696291
reading,4,The man stood near the sailors of the captain who were,0,pl,1,6.374351501,6.836642742,5.856894016,6.716133118,5.084440708,8.294365883,7.591246128,5.865294933,5.887217999,6.202587128,6.734846592,7.707967281,6.081592083,6.008212566,5.318978786,6.557988644,5.537602901,6.515947819,5.701356411,4.71648407,6.845176697,6.485814571,5.191747665,6.37462759,6.881951332,6.785548687,6.311226654
reading,6,The man comforted the leader of the activists who was,1,sg,1,2.468990803,5.349885464,5.386059761,6.641521454,8.072410583,7.576079369,5.311862469,4.898783684,5.170121193,5.605973721,5.585425377,5.7059412,4.710235596,5.154427528,5.489767551,5.788106441,6.847054958,6.740875244,5.888601303,4.440206528,5.154846191,6.622990608,5.676691532,5.989329338,6.397978783,4.572161674,5.791093502
reading,6,The man comforted the leaders of the activist who was,1,sg,0,2.322673559,3.811218739,4.0050354,3.222103596,4.631985664,3.651866436,3.570726871,4.255950451,3.427652121,3.429587603,2.895781517,5.095501423,3.130560398,2.944947004,3.500737906,3.20585227,3.414386749,3.283275127,4.384906292,3.268920898,3.432096004,3.667032719,4.018319607,2.632472515,2.971284389,3.949972391,3.592086964
reading,6,The man comforted the leader of the activists who were,1,pl,0,7.334226131,2.978415251,3.66896987,3.077194929,2.573857546,3.614275455,3.798587084,3.196743011,3.477158785,3.372318029,3.144346476,3.874485731,3.987310171,3.632807493,3.666421175,4.925542831,3.36521554,3.516929388,3.220820189,3.643834829,3.813000441,3.311949015,3.819293976,3.648986816,3.383174181,4.010664463,3.548892107
reading,6,The man comforted the leaders of the activist who were,1,pl,1,8.831946373,6.181771278,4.659921646,5.708101749,4.760179043,5.570317745,6.280681133,4.217887402,5.56141758,4.651359081,5.621361256,5.523190975,4.832790852,5.732836723,4.862777233,6.362179756,5.841744423,6.647900105,4.449643135,4.30389452,4.990829945,4.679877281,5.019825459,6.910520077,6.72714901,5.855031013,5.438127537
reading,6,The man greeted the leader of the activists who was,0,sg,1,2.891712904,5.330444813,5.506847858,6.642642498,7.959197044,7.798755646,5.733990192,5.546766758,5.507511616,5.628473282,5.49296236,6.047580242,5.15426302,5.710306644,5.609814167,6.218173027,6.864357471,6.952017307,6.03134203,4.238349915,4.765728951,6.694241524,5.960029125,5.701981544,6.151055813,4.66232872,5.916366463
reading,6,The man greeted the leaders of the activist who was,0,sg,0,2.73994112,3.800234556,4.340402603,3.283947945,4.357723236,3.793683767,3.685306549,5.25553751,3.66311121,3.59768796,2.980739117,5.61824131,3.637942791,2.976275444,3.857062578,3.490975142,3.236372232,3.342668533,4.387310505,3.337746382,3.302807093,3.693494558,4.163519382,2.902970552,3.33590436,4.282925129,3.772983618
reading,6,The man greeted the leader of the activists who were,0,pl,0,7.544723988,2.978082418,3.643008709,3.150325775,2.800526381,3.606743097,3.589421272,3.163927794,3.178992033,3.405092716,3.148043871,3.51518774,3.951994181,3.737554073,3.439443827,4.616280079,3.332159281,3.405070782,3.268512726,3.594446659,3.87113595,3.509819269,3.829451561,4.175444126,3.38247776,4.182180405,3.539012899
reading,6,The man greeted the leaders of the activist who were,0,pl,1,7.312121868,6.076984882,4.770132542,5.192611217,5.074219704,5.67565012,5.81356144,4.327166557,4.893659592,4.560922623,5.200604439,5.381385803,4.363912106,5.918278217,4.314474583,5.809737682,6.095600128,7.022421837,4.394986153,4.24570322,5.094465733,5.09263134,4.568310261,7.0993433,5.863156796,5.781547546,5.305258713
reading,6,The man comforted the activist of the leaders who was,1,sg,1,3.52090621,6.230940819,6.055081367,5.986224174,7.875597477,7.484201908,6.148471832,4.865771294,5.091832638,6.079757214,6.620230198,6.875658512,5.9399333,4.993180752,5.239377022,6.325528622,6.564117432,7.641208649,6.123742104,5.127067089,5.014173508,6.538505077,6.084923744,5.137084007,6.849045277,5.147444248,6.081563931
reading,6,The man comforted the activists of the leader who was,1,sg,0,2.433283806,2.988897562,3.050879478,2.730383873,5.416404247,3.476963282,2.995507479,3.470890999,3.088798761,2.965733051,2.831332207,5.423178196,2.65975666,3.265856743,3.448813438,3.255822182,3.493323088,3.283324003,3.822626829,3.029381514,3.620584011,3.022954702,3.444601297,2.779891729,2.935585976,3.990960598,3.379698076
reading,6,The man comforted the activist of the leaders who were,1,pl,0,4.937454224,2.861934185,3.665241957,3.503426313,2.746594429,3.440945387,3.719089031,3.195303917,4.017068863,3.672597647,3.080286264,3.589275599,3.304209709,3.909853935,3.645994902,4.551358223,3.884320974,3.252192259,3.461728334,4.49169445,4.235693455,2.912999392,3.75625515,4.09998703,3.417613029,4.268036366,3.627348032
reading,6,The man comforted the activists of the leader who were,1,pl,1,7.844109535,6.652419567,4.720387936,5.834775448,5.427658558,6.073908329,7.04838562,5.168652534,5.989195347,5.206584454,6.155494213,7.176450729,6.067877293,5.154960632,4.774355412,6.863520145,5.499251366,6.607251644,4.70538187,4.315648079,5.258494377,5.767983437,5.8292799,6.252733231,7.047491074,5.17624712,5.790975533
reading,6,The man greeted the activist of the leaders who was,0,sg,1,4.243712425,6.280344009,6.103384972,5.884893417,7.907127857,7.9607687,6.997471809,5.447878838,5.096772671,6.039487362,6.765879154,7.19894886,6.373758316,5.469702244,5.421373844,6.817330837,6.542051315,7.562710285,6.219277859,4.899190903,4.590798378,6.592180252,6.207627773,4.599511147,6.594222069,5.535274506,6.204318695
reading,6,The man greeted the activists of the leader who was,0,sg,0,2.856163263,2.98460412,3.420329809,2.696912289,5.05569315,3.553020477,3.165576935,4.871686459,3.172173738,3.017014742,2.940457821,5.905647755,3.003178835,3.323438168,3.802707434,3.551454067,3.525022745,3.174905777,3.797693968,3.06841445,3.329346418,3.177096128,3.752694368,3.01863718,3.225586414,4.265742302,3.551961422
reading,6,The man greeted the activist of the leaders who were,0,pl,0,4.457123756,2.874101162,3.668083191,3.669152975,2.985248804,3.32088995,3.384632111,3.23490119,3.80827713,3.737244606,2.994599819,3.185174942,3.342283487,3.946106434,3.531367064,4.211228371,3.793316126,3.192630768,3.459696293,4.503442287,4.355927944,3.03294158,3.734514475,4.750902653,3.444087744,4.26179266,3.616901751
reading,6,The man greeted the activists of the leader who were,0,pl,1,7.536172867,6.625976563,4.729617119,5.085170746,5.783513546,5.871422291,6.160552025,4.882383823,5.163917542,5.307416439,5.660469532,7.083241463,6.035146236,5.564220905,4.062651634,6.408144951,5.330156803,6.874269009,4.839273453,4.173574924,5.323953152,6.19870615,5.626347542,6.198280811,6.242382526,5.129772186,5.614422455
reading,8,The man valued the daughter of the shopkeepers who was,1,sg,1,3.642477989,5.527771473,6.456691265,6.737066269,8.647631645,8.690633774,5.954897881,5.195088863,6.34262228,5.28728199,7.000112057,5.603600025,4.725893021,7.201106071,5.601948738,5.661298275,6.756769657,7.244326591,6.07123661,4.486852646,5.197497368,6.124992847,5.184277058,5.103312492,6.145086765,5.478522301,6.097060719
reading,8,The man valued the daughters of the shopkeeper who was,1,sg,0,3.400633812,2.46570611,2.997640133,2.584257603,3.544747114,3.438336134,3.157235146,2.80624938,3.403541088,2.713020086,2.907778502,4.889203548,2.560016155,2.670362711,2.86053896,3.106940746,3.395893097,4.860033989,3.135146141,2.697000027,3.016515255,3.348190546,3.55937314,2.992552519,3.294619322,2.967787743,3.174907408
reading,8,The man valued the daughter of the shopkeepers who were,1,pl,0,5.94508934,2.727039337,3.541534424,2.718079329,2.346280813,2.98473835,3.116043568,3.51148057,2.849425316,3.140118361,2.862481594,3.343416214,3.45603919,2.848419428,3.030911446,4.349505424,3.154996157,3.670821667,3.302985907,3.181176901,4.038908005,3.126628399,3.092203379,4.692538261,3.433613777,3.450816631,3.278808098
reading,8,The man valued the daughters of the shopkeeper who were,1,pl,1,5.921921253,7.246612072,5.786367416,5.945186615,6.33352375,8.797128677,5.867452145,7.203943253,5.022264957,5.420361519,4.410800934,5.345675945,6.173126698,5.863219261,5.811329365,6.923992634,6.49351263,4.356939316,5.828812599,4.801386833,5.812777042,5.715441227,4.335089207,6.726579189,5.998500347,8.160990715,6.015240574
reading,8,The man recognized the daughter of the shopkeepers who was,0,sg,1,3.791899681,5.726409435,6.667093277,6.709750652,8.734839439,7.805443764,5.569903851,5.155694008,5.437376022,5.39793396,7.139797688,5.040722847,4.623213291,7.319728374,5.502035141,5.746119499,6.590928078,7.040160179,5.525961876,4.589591026,4.784112453,6.093649387,4.801668167,5.440351486,6.440474987,5.611912251,5.979794846
reading,8,The man recognized the daughters of the shopkeeper who was,0,sg,0,3.145584106,2.699808836,3.012378454,2.69489646,4.066215515,2.872686386,3.1105721,3.337493896,2.904422998,2.762327194,2.96680975,4.790636539,2.761873484,2.857853651,3.513355494,3.318096161,3.509785891,3.073886871,3.247273922,2.736832619,2.758224487,3.174319506,3.1629498,2.777838707,3.649121046,3.160786629,3.156817856
reading,8,The man recognized the daughter of the shopkeepers who were,0,pl,0,4.481278896,3.057307482,3.540311337,2.762418747,2.389095068,2.930899382,3.136771917,3.827033281,2.974105597,3.256041527,2.444323301,3.356788397,3.626117229,2.887941599,2.959746361,4.076219082,2.992543221,3.482810259,3.338918924,3.067672491,3.736446619,3.084626675,3.340518713,3.929104328,3.561604977,3.484789371,3.249766235
reading,8,The man recognized the daughters of the shopkeeper who were,0,pl,1,5.039399147,6.395337105,5.98593998,6.024601936,5.651376724,7.520390034,5.542942047,5.234022141,5.483367443,4.702408314,3.685456514,5.393846989,5.695807934,5.420326233,4.184045315,6.480666637,5.300504684,6.210896015,5.242817402,4.769269943,5.092046738,5.598773956,4.760452747,5.280215263,5.659262657,7.631608963,5.557855349
reading,8,The man valued the shopkeeper of the daughters who was,1,sg,1,5.695765972,5.425232887,7.061322689,4.717764854,7.427963257,8.948534966,6.898846149,4.545935631,6.209710121,5.060688972,5.316392422,5.864748001,4.955066681,6.769589424,4.622046947,5.891093731,6.50317049,7.090332031,6.839584827,4.142293453,4.849394321,5.787643909,5.724550724,5.877967834,6.090398312,4.878757,5.899961185
reading,8,The man valued the shopkeepers of the daughter who was,1,sg,0,2.467690468,2.497369289,4.016693115,2.708053827,4.487989902,3.526983976,3.532162905,3.346098661,4.158587933,2.840514898,3.021152496,5.102293015,2.681633472,3.190207243,3.248929739,3.464541912,3.525055408,5.052684784,3.487852812,3.375044346,3.561347008,3.629304886,3.668048859,3.492043495,3.365521669,3.703882456,3.547359924
reading,8,The man valued the shopkeeper of the daughters who were,1,pl,0,2.6104002,2.924783945,3.20850563,3.872199059,2.730888128,3.787106514,3.590060472,3.831632376,3.289209843,3.677512169,3.391281843,3.459448338,3.303443193,3.480261803,3.370538712,5.223059654,3.48733592,3.711030006,3.371260405,4.960951328,4.397003174,3.280673265,3.565582275,4.980964661,3.283358097,3.783661127,3.678470078
reading,8,The man valued the shopkeepers of the daughter who were,1,pl,1,7.714248657,7.091688633,4.664931297,4.662171841,4.801572323,7.227711201,5.377342701,6.018642902,4.257625103,4.972418785,4.736273766,6.104378223,6.282466888,4.771185875,4.34992981,5.986037731,5.064127922,5.11027956,5.080127239,3.324067116,4.850461483,4.507488251,3.820309877,5.553577423,5.179264545,5.168530464,5.158504438
reading,8,The man recognized the shopkeeper of the daughters who was,0,sg,1,6.683559418,5.699999809,7.232402802,4.415452957,7.088311195,7.787330151,6.563546658,4.555718422,5.458572388,4.946742058,5.021884918,5.771611691,5.149494648,6.367594242,4.833893776,5.819858551,6.094766617,6.726397514,5.734097958,4.504386902,4.686434269,5.816186428,5.34613657,5.843485355,6.569803238,4.709276199,5.709735413
reading,8,The man recognized the shopkeepers of the daughter who was,0,sg,0,2.282102585,2.863297701,4.012031078,2.729392529,5.508070469,3.29622674,3.537280798,3.731889725,3.880180359,2.787982464,3.220726967,5.09766674,2.809753418,3.277920961,3.714358091,3.707065821,3.515915155,3.822699785,3.703368425,3.369172573,3.432151556,3.509780407,3.215440035,3.376482487,4.084442616,4.435054779,3.625534067
reading,8,The man recognized the shopkeeper of the daughters who were,0,pl,0,2.282097101,3.396661043,3.34353447,3.902545691,2.828753471,3.705758095,3.464604855,3.853390932,3.485066175,3.89018774,3.005149364,3.340715408,3.51696825,3.533681154,3.034725428,4.830352783,3.319118261,3.464948893,3.508134842,4.864453793,4.235791206,3.264463186,3.784836531,4.203963757,3.401427507,3.928652525,3.644315414
reading,8,The man recognized the shopkeepers of the daughter who were,0,pl,1,7.057878971,6.001018047,4.897861004,4.124020576,4.319767952,5.478850365,4.742551804,5.922945023,4.189497471,4.525783062,3.961644888,5.532978535,5.963908672,4.577139854,3.237788677,5.832890511,4.560100555,6.361398697,4.731862068,3.554121256,4.322359562,4.861841679,4.310453415,4.443276882,4.587450504,4.684445858,4.789038277
reading,10,The man noticed the representative of the employees who was,1,sg,1,6.143262386,6.290071487,6.158545971,6.047254562,8.749724388,7.705505371,5.78796196,5.073461533,5.408134937,5.729795456,7.192903519,5.817490578,4.707238197,6.003219604,5.861908913,6.322467327,5.42202425,7.142998219,6.305179596,4.661906242,5.424934387,6.80071497,5.844465733,5.090378761,6.880470753,5.507489681,6.077449856
reading,10,The man noticed the representatives of the employee who was,1,sg,0,3.179394722,3.723502874,3.297037601,3.081689358,5.011188507,3.444770575,4.127377987,3.225853443,3.617079973,3.288447142,2.892932653,5.153963089,3.350565434,3.378041506,3.629101276,3.595679998,3.98555541,3.148299694,3.813039064,3.687639952,4.136120796,3.799132824,4.170924187,3.360200644,3.526440144,4.820784569,3.730614748
reading,10,The man noticed the representative of the employees who were,1,pl,0,2.796759367,3.020840645,3.294512987,2.693350792,2.542253017,3.42367959,3.420473814,3.264878273,2.852734089,3.094135046,2.715700865,3.06248951,3.617119789,3.535138845,3.031667471,3.951016903,3.416021585,3.193863153,3.270696878,3.397100449,3.685179949,2.874629021,3.158409119,3.935269117,3.030008793,3.404886007,3.235442228
reading,10,The man noticed the representatives of the employee who were,1,pl,1,6.202863693,4.569876194,4.515604973,4.560602665,4.597323895,6.07478857,4.924220562,4.734768867,3.675821066,4.024220467,4.365787983,4.519838333,4.622803688,4.687126637,3.845042706,4.674695015,3.881679296,6.608097553,4.444264889,3.506915092,4.140462875,3.94942522,3.998518944,4.669210434,5.224618912,4.481650352,4.531894608
reading,10,The man resembled the representative of the employees who was,0,sg,1,5.243512154,5.661373615,5.870645523,6.248511314,8.420700073,7.858973026,4.757265568,4.871782303,5.527822018,5.520577908,6.563978672,6.390571117,4.934271336,5.657827377,5.491494656,6.058988094,6.298792362,7.231258392,6.122416019,4.778429508,5.227993965,6.438454151,6.386350155,5.423786163,6.803204536,5.454188347,5.999986248
reading,10,The man resembled the representatives of the employee who was,0,sg,0,2.613909006,3.530953407,3.687852144,3.328145027,4.911057472,3.475571394,3.256572723,3.569465637,3.576529264,2.968441963,2.744864702,5.630548,3.469465256,3.316393375,3.197258472,2.89367342,4.109802723,3.696857452,3.888710022,3.234766245,3.94779563,3.601261616,4.28172493,3.227004051,3.531493187,4.488686085,3.662595768
reading,10,The man resembled the representative of the employees who were,0,pl,0,2.854571581,3.054812908,3.32193017,2.877040625,2.50951457,3.171553135,3.559392929,3.423462629,2.945194244,2.817181349,2.803878069,3.154465437,3.437532425,3.476671457,3.438514471,4.194741726,3.000209093,3.301803827,3.823966742,3.546110153,3.802839756,2.784104824,2.851703167,3.803491831,3.26007843,3.539078951,3.275970917
reading,10,The man resembled the representatives of the employee who were,0,pl,1,9.654592514,4.604721069,4.498353004,4.29424572,4.354736328,5.549253941,5.468791008,4.575320721,3.708373785,4.180597782,4.901484489,4.731571674,4.310159206,4.3132267,5.24614048,5.628870487,3.78118515,5.842030525,5.001067638,4.055492401,4.501245499,4.366773129,3.946758986,5.145749569,5.648360252,4.771735191,4.697049789
reading,10,The man noticed the employee of the representatives who was,1,sg,1,6.874886036,6.719317436,5.327741146,6.541909218,8.044857979,7.484633923,7.091779709,4.480846882,4.585169315,5.378076077,7.407124996,6.894307137,5.203041077,6.333197594,4.941576004,6.328359604,6.279530048,5.722564697,5.95636034,5.14859724,5.280160904,6.145890713,6.642794132,4.637146473,6.433386803,5.248328686,6.010267925
reading,10,The man noticed the employees of the representative who was,1,sg,0,3.701506853,4.236515045,3.167366982,2.695539951,5.12724638,3.514524221,3.523988485,4.011724472,3.596393108,3.217061996,4.040736198,5.234897137,3.447170019,2.917615175,3.347226143,4.043653011,3.369267464,3.395711422,3.901727676,3.574018478,4.114401817,3.341146469,4.489686966,3.234961033,3.411775589,4.480885983,3.737409649
reading,10,The man noticed the employee of the representatives who were,1,pl,0,2.842482567,2.801639557,3.473294973,2.764997005,2.774893999,3.563095331,3.409368277,3.417337656,3.606797457,3.707188845,2.83979249,3.15259099,3.685912132,3.611398935,3.190743208,4.206733227,3.143347025,3.554790497,3.351943016,3.118774414,4.089205742,3.211917639,3.489556789,4.087441921,3.020552158,4.1506567,3.416958799
reading,10,The man noticed the employees of the representative who were,1,pl,1,4.090970516,4.464858532,4.377271652,4.248306274,3.804526329,5.232244492,5.689903736,5.034535408,4.217992306,4.240002632,3.414113998,4.599143028,4.348906517,5.392162323,4.470885277,4.780917645,3.651463509,5.684702873,4.682396889,3.517062187,4.157953262,4.798857689,3.386460781,4.904089928,5.799600124,5.328532219,4.569075584
reading,10,The man resembled the employee of the representatives who was,0,sg,1,6.155585766,5.738487244,5.062610626,6.564204216,7.881741524,7.549834728,5.523620605,4.158361435,4.517356396,4.981356621,6.548881054,7.29734087,5.452688694,5.822142601,4.780610085,6.055140972,6.718159676,5.561522961,5.978137493,5.372544289,5.298535824,5.968938351,6.973692417,5.024394512,6.324080467,5.288689613,5.857722931
reading,10,The man resembled the employees of the representative who was,0,sg,0,2.779465675,3.460816622,3.498099804,2.827659845,5.318887711,3.471035004,2.984017611,3.708944559,3.498965025,2.892880678,3.473996162,5.197415829,3.424158812,2.869483471,2.927085161,3.455929041,3.509050131,4.109134197,4.069603443,3.134143829,3.82546711,3.181134224,4.430199623,2.99366498,3.233282089,4.325265884,3.592812834
reading,10,The man resembled the employee of the representatives who were,0,pl,0,4.187069416,2.870101213,3.453071833,3.104171991,2.817808628,3.370901346,3.490001678,3.64808321,3.55535531,3.46577096,2.898802757,3.269309998,3.402600527,3.415546179,3.832116127,4.378962517,3.114074707,3.682034731,3.736681938,3.297852993,4.266448498,2.999310255,3.233014345,3.894927979,3.090343237,4.197818756,3.459404469
reading,10,The man resembled the employees of the representative who were,0,pl,1,9.506331444,5.054920673,4.448466301,4.234576702,3.72268796,4.949752808,6.110440254,4.857722759,4.239014626,4.182842731,3.889936924,5.084685802,4.26922226,5.251059055,5.493168354,5.499233246,3.700787306,4.853248119,5.329102516,4.133928299,4.46630621,5.367012978,3.517542839,5.98143959,6.273262501,5.574339867,4.819388027
reading,11,The woman praised the gardener of the millionaires who was,1,sg,1,5.305467129,5.917628765,5.098322868,5.740787029,7.654532909,7.400410652,6.153480053,4.496168137,5.156031609,6.321280956,6.395910263,5.868653297,4.583090782,5.683084011,5.258354664,6.265696526,6.324818611,6.773622513,6.984926701,3.704208851,5.152029037,5.87765646,4.670362473,6.424133778,6.584197044,4.483607769,5.79891983
reading,11,The woman praised the gardeners of the millionaire who was,1,sg,0,3.762752771,2.785914421,4.516626835,3.998594999,3.164760828,3.345249891,3.28732729,3.664653778,2.968855381,3.173522234,3.170082569,6.30291605,3.016145229,2.875990868,3.192466497,3.542221308,3.305125475,3.133663893,3.524596691,3.09151125,3.067422628,3.856506824,3.538230658,3.815684557,3.709714651,3.744723797,3.511700344
reading,11,The woman praised the gardener of the millionaires who were,1,pl,0,4.585402966,3.08163023,3.938724995,3.121430874,2.530132532,3.196696997,3.400660992,4.184773445,2.99226284,3.308542252,2.666792631,3.644992113,3.904379845,3.102371693,3.799636364,3.436919212,3.008675575,3.489519119,2.900009871,5.034043312,3.090991497,3.511989594,4.152079582,3.748399258,3.218558311,3.812634468,3.451073904
reading,11,The woman praised the gardeners of the millionaire who were,1,pl,1,5.165730953,6.28403759,4.360472202,4.443375111,5.826209068,5.607336521,5.563623428,3.931309462,4.763970375,4.456478596,4.688737392,4.375791073,5.845182419,4.279279709,4.861236095,4.866141319,3.991070747,6.591495037,5.196471691,3.963902235,4.150511742,5.238289833,4.970564365,4.571929455,4.394253731,6.224515915,4.937847404
reading,11,The woman met the gardener of the millionaires who was,0,sg,1,5.124353886,5.59453392,5.089486599,5.882052422,7.98815918,7.690701008,5.54241991,3.796546936,4.563444138,5.502429962,6.784704685,5.40938282,5.761508465,5.537530422,4.930556774,5.457921028,6.475170135,6.248263359,6.443325996,3.43362546,4.469521046,6.090240002,5.296534061,5.023200035,6.104552269,4.383070469,5.579955244
reading,11,The woman met the gardeners of the millionaire who was,0,sg,0,3.755325556,2.75285244,3.848610878,3.304094791,3.267528057,3.463784218,3.327990532,3.21449399,2.626982212,2.924764156,2.985986233,5.722986698,3.536108494,2.7594769,3.234342337,3.135335922,3.015792131,3.12163496,3.353079081,3.077484608,2.725661993,4.269234657,3.529144526,3.547003269,3.334463596,3.79573679,3.354982939
reading,11,The woman met the gardener of the millionaires who were,0,pl,0,3.280979395,2.567296505,3.814416647,3.596130371,2.520918846,3.314751863,3.638485193,4.223136902,3.384097099,3.327936411,2.827437162,3.530981302,3.800262451,3.343091011,3.858902693,4.050727367,3.187760353,3.201134205,3.266166687,5.346685886,3.375792742,3.407822132,3.526988268,4.318733215,3.35310936,4.120684147,3.556137953
reading,11,The woman met the gardeners of the millionaire who were,0,pl,1,3.839978218,6.205476761,4.727311611,5.156305313,5.921953678,6.694086075,5.7394557,4.884497643,5.397438049,5.436636925,4.815863609,4.159394741,5.539494514,5.179652214,5.982989788,5.423112392,4.414498329,6.027518749,5.112220764,4.487154961,5.155490875,4.256127834,4.93760252,5.375920296,5.059269428,6.602080822,5.307662144
reading,11,The woman praised the millionaire of the gardeners who was,1,sg,1,4.125175953,5.913694859,6.481743813,5.207979202,5.792085171,6.817604065,7.133515835,4.397355556,5.16291666,4.674879074,5.012529373,6.908309937,5.029487133,6.171066761,5.196069241,5.630884171,6.391913414,6.874280453,6.597342491,4.363884449,4.181625366,6.094370365,4.304864883,7.003293037,6.655564785,5.035586834,5.721313877
reading,11,The woman praised the millionaires of the gardener who was,1,sg,0,3.82218647,2.826783657,4.183107853,3.93091011,3.542873621,3.026850939,3.199104786,4.167088509,3.007168293,3.274744987,3.219151497,5.214316845,2.545408487,2.973377705,3.094983339,3.560762882,3.388673067,3.012603998,3.529448509,3.243061304,3.430254936,3.110138416,3.62574029,3.710113049,3.479034662,3.498695612,3.431775894
reading,11,The woman praised the millionaire of the gardeners who were,1,pl,0,5.7524786,3.692818403,3.805779219,3.548244953,3.095192194,3.33741641,3.048569679,3.747318983,2.670789957,4.132034302,3.069666147,3.347004652,3.678779364,2.771571159,3.264435768,4.639569283,3.38161993,3.613203526,3.015470505,4.253303528,3.87137413,3.603140831,4.569976807,3.335999727,3.09100008,3.904944181,3.539568949
reading,11,The woman praised the millionaires of the gardener who were,1,pl,1,5.651974678,7.053534031,4.561416149,5.01680851,5.898369789,5.562505245,5.414413452,4.753777981,4.614498615,4.453197479,4.954344749,5.782688141,6.885115623,5.37822628,4.919531822,5.501996994,6.008633614,6.317064285,5.11239624,3.968735933,3.321516275,6.537211895,5.87713623,4.893306732,6.120332718,7.112705708,5.44077858
reading,11,The woman met the millionaire of the gardeners who was,0,sg,1,3.183840513,5.699632168,6.194779873,5.232077599,5.983214378,7.001693249,5.789525032,3.734699965,4.794035435,4.268858433,5.063611984,6.752049923,5.972070217,6.053603172,4.725016117,4.818209648,5.977800369,6.858283043,7.477454662,3.691629648,3.77958703,6.021120548,4.962521076,6.15546608,6.476378441,4.739030361,5.528893938
reading,11,The woman met the millionaires of the gardener who was,0,sg,0,3.333626509,2.69926095,3.325949669,3.135438442,4.651076317,3.24785471,3.320045233,3.713739395,2.611388683,3.068902016,2.863644361,4.087966919,2.990063906,2.477829456,3.069923639,2.935489655,3.005237579,2.886844635,3.467913151,3.073121548,3.205979586,3.262217283,3.559242964,3.257772207,3.54162693,3.541947842,3.240019083
reading,11,The woman met the millionaire of the gardeners who were,0,pl,0,5.469110012,3.258234024,3.684543371,4.096562862,3.10326457,3.37654233,3.427053213,3.74875021,3.088267326,4.311043739,3.245547533,3.183991432,3.921239138,3.016354799,3.871438742,4.984589577,3.742785215,3.342899323,3.665848732,4.486633778,4.294506073,3.48445487,4.707453251,4.111507416,3.122299671,4.266400337,3.741688461
reading,11,The woman met the millionaires of the gardener who were,0,pl,1,4.281956673,7.224315643,5.156662464,5.280257702,4.643105984,7.110888004,5.669870377,4.879311085,5.771359444,4.862236977,4.816681862,5.522990227,6.658301353,5.975672245,5.46026516,6.198919296,5.771263123,6.405639648,5.030297279,4.31848526,4.048386097,5.797167301,5.772875786,6.069512844,5.893397808,7.052891731,5.655630188
reading,13,The woman blamed the niece of the clerks who was,1,sg,1,5.553452492,5.986171246,5.964801311,6.988308907,7.428166866,8.417175293,6.844992638,6.886876583,5.308811188,5.121724606,5.962427139,5.538735867,4.489358425,6.334255219,5.757565975,6.28352356,6.027002811,6.972940445,5.845486641,4.49723196,5.434616089,6.110797405,5.732328415,7.092928886,6.505236149,6.428644657,6.158404331
reading,13,The woman blamed the nieces of the clerk who was,1,sg,0,2.743945837,2.622942209,3.512041569,3.996781826,3.767336369,3.283522367,3.743870735,3.988086224,3.252614975,2.460024834,2.620474815,5.576449394,2.579302311,3.320572853,3.635997772,3.377076864,3.64039588,2.589651346,3.618723869,3.088331223,3.211880207,3.039810896,3.709915638,3.409514666,3.111191511,3.276700497,3.377328434
reading,13,The woman blamed the niece of the clerks who were,1,pl,0,2.995249271,2.717314959,3.275515556,1.842998743,2.50758338,2.721290112,2.850372553,3.590329647,2.599931717,3.179195642,2.615515471,3.508329153,3.434746981,2.528923273,2.832786322,3.653191805,2.882483959,3.169874668,3.377945662,3.501431942,3.326862812,3.171451569,2.892698288,3.310941458,3.190210104,3.327278852,3.040368185
reading,13,The woman blamed the nieces of the clerk who were,1,pl,1,5.841399193,7.057827473,4.337537766,5.376985073,5.895866394,6.261868477,5.038432121,4.949898243,3.618921518,5.438580036,6.01465559,5.150145531,5.83117485,4.220350266,3.748021603,5.228374958,3.888821363,6.155817509,5.266609192,3.602329731,3.85371685,6.397131443,4.587874413,4.961206913,6.184247971,6.593790054,5.186407413
reading,13,The woman waited with the niece of the clerks who was,0,sg,1,5.907626629,5.534049034,5.871992588,6.390230179,7.349488735,8.09568119,5.535432816,6.460233688,4.679387093,5.375748634,6.218450546,5.663100243,5.11766243,6.214970112,5.904100418,6.406575203,6.62196064,8.062804222,4.785199642,3.614974976,4.840226173,5.82308197,7.317079067,5.545288563,6.800042629,6.411887646,6.025585938
reading,13,The woman waited with the nieces of the clerk who was,0,sg,0,2.652141333,2.44595933,3.312757969,3.150148392,3.644264698,3.351013899,3.396606684,2.617367029,2.996501923,2.471299887,2.959708452,4.601210117,2.681039333,2.796209812,3.613066435,3.15794754,3.604448557,2.552529573,3.273313522,2.467703342,3.004783392,2.547996998,3.733036041,3.121524572,3.449098349,2.961225986,3.116430473
reading,13,The woman waited with the niece of the clerks who were,0,pl,0,2.381440163,2.909411907,3.384215832,2.579614639,2.439315319,2.894901752,2.989943981,3.238899708,2.77366519,2.945131779,2.852538109,3.28967762,3.189115286,2.828769207,3.065755129,3.468195677,2.968676805,3.193881512,3.483026743,3.463227034,3.524686813,3.157562971,2.564326286,4.045152664,3.603445053,3.269692898,3.124913197
reading,13,The woman waited with the nieces of the clerk who were,0,pl,1,4.798667431,7.078448296,4.807052135,6.268042564,5.317035198,6.530789852,5.498298168,5.997010231,4.540736675,5.476686954,5.816296577,5.063320637,5.852912903,5.055957317,3.938915968,5.533542633,4.221417427,6.338093281,4.955079556,4.185757637,4.268278122,6.554865837,4.63224268,6.676131248,5.828189373,7.146636963,5.503269529
reading,13,The woman blamed the clerk of the nieces who was,1,sg,1,3.560560942,5.309658527,5.025148869,5.410015583,7.218575478,8.284258842,5.839388847,6.398662567,5.76531744,4.203068256,4.276462555,6.989041805,6.02951622,6.692111969,5.076731682,5.654638767,5.342285156,6.702635765,6.191106319,3.543616533,4.483456135,5.0661726,5.589441299,5.515497208,6.215717316,4.709395409,5.661276846
reading,13,The woman blamed the clerks of the niece who was,1,sg,0,3.654001236,2.766438484,4.205365658,2.901355505,3.503148317,3.411262035,3.297451258,6.104238033,3.691618681,2.420464993,2.671597481,6.00699091,2.505308151,3.479025364,3.603328943,3.456962824,3.363546133,3.029109001,3.72996974,3.085480452,3.381784678,2.963150263,3.888777494,3.577539444,2.887616634,4.593711376,3.541009674
reading,13,The woman blamed the clerk of the nieces who were,1,pl,0,4.514162064,3.001078844,3.509269238,2.80632472,2.555369377,2.905107498,4.124714851,4.306364059,2.926697254,3.542576313,2.952867508,3.428593636,3.448775053,3.190308809,3.221370697,4.892528534,3.407403469,3.18232131,3.322760582,4.338865757,3.705853939,3.444813728,4.005247116,3.842729568,2.932113171,3.926322699,3.476815109
reading,13,The woman blamed the clerks of the niece who were,1,pl,1,3.831399202,7.032545567,4.142677307,3.928163528,6.56600523,5.998624325,5.666440964,5.198806763,3.52863121,5.718882084,5.819057941,5.70008564,6.040538311,4.481472492,3.161076307,6.037631035,4.232095718,6.192782402,4.417161465,3.820799828,3.765270233,5.628443718,4.234955311,4.442652225,6.886380672,4.76893425,5.096404581
reading,13,The woman waited with the clerk of the nieces who was,0,sg,1,2.650694609,5.083839893,5.137956142,4.907026291,7.25583601,7.977576256,4.491347313,5.635876179,5.208469868,4.483121395,4.456693172,6.706961632,6.294590473,6.089257717,4.79225111,5.289008141,5.673545361,7.910438538,5.297195435,3.082376719,4.004541874,4.854681015,5.871033669,3.649581909,6.352889061,4.393455505,5.395982027
reading,13,The woman waited with the clerks of the niece who was,0,sg,0,4.614830017,2.600837469,3.930857182,2.814081907,4.058459282,3.405369282,3.093936443,4.504809856,3.262784719,2.468528271,2.991061449,4.991833687,2.807395935,3.032322168,3.591943026,3.123731852,3.25255394,3.084356546,3.157391071,2.539418936,3.197628021,2.690660477,4.186909199,3.016758919,2.877650738,4.125484467,3.312270594
reading,13,The woman waited with the clerk of the nieces who were,0,pl,0,4.927064896,3.313684702,3.844190836,4.010674477,2.627832174,3.300123692,4.803966522,3.966721058,3.061079264,3.531594992,3.356647968,3.352233171,3.292448997,3.433601618,3.720565319,4.672908306,3.432502747,3.13352561,3.425285578,4.740502357,3.997940302,3.377431154,3.99694252,5.085451603,3.166236639,3.972512007,3.704664145
reading,13,The woman waited with the clerks of the niece who were,0,pl,1,2.78323555,6.946004868,4.794647694,4.544893265,5.707511425,6.623185158,6.126093864,5.563114166,4.422958851,5.13844347,5.393865585,5.476119995,6.110750675,4.866888523,3.680348873,6.2592659,4.41513443,6.244745255,4.618851185,4.245545864,4.150791645,5.928770065,4.315291882,5.965666771,6.540361404,5.763710022,5.353718433
reading,14,The man helped the brother of the athletes who was,1,sg,1,2.461825848,6.709921837,7.550960064,7.091940403,9.466749191,8.389224052,7.266190052,6.437181473,6.736149311,6.156150818,8.937692642,6.10153389,5.477909565,6.49268961,6.839379787,7.515273094,8.595754623,8.688658714,5.485281944,6.138249874,5.64570713,6.685736179,8.884651184,8.887367249,8.450656891,8.190295219,7.312852192
reading,14,The man helped the brothers of the athlete who was,1,sg,0,3.553066254,4.11716938,4.829242706,2.539720774,6.38829422,3.815803528,3.477844954,8.552065849,4.245530605,3.912271976,3.519364595,5.471549511,3.152448177,3.695845366,4.339849949,4.259919643,4.609235764,4.982550144,3.296199799,3.621191263,4.029384136,3.674437284,5.825075626,3.599694252,6.71914196,4.089655399,4.430539474
reading,14,The man helped the brother of the athletes who were,1,pl,0,7.064480305,2.81785512,3.073666096,2.672777414,2.539520502,2.997295856,2.944510937,2.955273867,2.630050659,2.848984957,2.765920877,3.061845064,3.668967009,3.151586771,2.979148149,2.964176416,3.259478569,3.484987259,3.37353611,2.740395784,3.059216022,3.671612501,3.071934462,3.806193352,3.288919449,3.253516912,3.083254805
reading,14,The man helped the brothers of the athlete who were,1,pl,1,7.48775053,3.754723549,4.579514503,5.458289623,5.528068066,5.776286125,6.38615942,3.672059059,3.111778259,3.369380713,4.507443428,4.136602402,6.766651154,4.345517159,3.986911535,3.674407959,4.601679325,4.610147476,5.709614754,3.999604225,3.646894932,7.091542244,3.843976021,6.779344082,3.498313189,5.391716957,4.729065046
reading,14,The man ran into the brother of the athletes who was,0,sg,1,2.771154404,5.759496212,6.760115147,6.894095898,8.052148819,8.123720169,6.092339516,4.940959454,5.275825024,6.286833286,7.694012642,6.357623577,5.279043674,6.001774788,6.388833046,6.739488125,6.91344595,7.576578617,4.821228981,5.071992397,4.573065281,5.588508606,6.568410397,7.986720085,6.981626034,6.305176258,6.361322479
reading,14,The man ran into the brothers of the athlete who was,0,sg,0,3.327861309,3.425430775,3.452035189,2.440250397,4.088131428,3.098830223,3.021693468,3.102311134,2.742829084,2.910889149,2.562633276,4.569333553,2.628662825,2.360314131,3.198739767,3.159914255,2.789819479,2.673753738,3.005817175,2.586256742,2.757341385,2.557450294,3.196815014,2.924109936,3.688492298,2.790122747,3.029279099
reading,14,The man ran into the brother of the athletes who were,0,pl,0,8.612944603,2.839659691,3.080275297,2.578411102,2.453044653,2.94193244,3.408634186,2.901177645,2.605957985,2.739842415,2.594109297,3.341376543,3.291028738,3.130096912,2.889939308,3.319928646,2.924850464,3.404533863,3.806535721,3.028027058,3.560834646,3.243590117,2.580053091,3.460304737,2.973333597,3.225532532,3.052920427
reading,14,The man ran into the brothers of the athlete who were,0,pl,1,6.951798916,3.823909044,6.282170773,7.370328426,7.029644489,8.732592583,7.740280151,5.574436665,5.609270573,5.014418602,6.508845806,5.860696316,6.873764038,7.478755474,5.975794315,5.475117207,6.298989296,7.224976063,7.416380882,6.139760494,6.103285789,7.175910473,5.213941574,6.922783375,5.209255219,7.287611961,6.413716784
reading,14,The man helped the athlete of the brothers who was,1,sg,1,5.676009655,6.149612427,8.655239105,6.206176758,9.310062408,7.794348717,6.677916527,7.671590805,5.190681458,5.367425919,7.223366261,7.013396263,7.395830631,6.413907051,5.578164577,8.717195511,7.630369663,7.656205177,7.562879086,5.603049278,5.090372562,7.123994827,7.142233372,7.969564438,9.251755714,4.760190487,7.006221161
reading,14,The man helped the athletes of the brother who was,1,sg,0,2.717434645,4.041870117,4.923048496,4.185403824,7.285105228,4.458616734,3.469358921,8.21559906,4.445807457,3.879028559,6.142008305,4.489303112,3.41794157,4.131575108,5.000472069,4.159640789,5.378559113,6.251629829,3.772297144,3.422408342,4.119998455,4.270205021,5.464682579,4.763046265,6.664745808,6.419318676,4.910866823
reading,14,The man helped the athlete of the brothers who were,1,pl,0,3.503797054,2.91814208,3.458350658,3.353649616,2.941044092,3.81951499,3.346810579,3.820636511,3.313024282,3.376056671,3.038142681,2.87833643,4.626639366,3.602628231,3.152305126,2.746291399,4.312387943,3.971105814,3.427384377,3.275643826,2.844694614,3.883537769,4.213493824,4.205664635,3.088189602,4.469058037,3.523309326
reading,14,The man helped the athletes of the brother who were,1,pl,1,7.554346085,5.602604389,4.178521633,4.273372173,4.209700584,5.188558102,5.453463554,4.004105568,3.26671052,4.098807335,3.92664361,5.54037571,6.854876041,3.983741522,3.069437027,4.085177422,4.936069489,3.89155221,4.994976997,3.669667006,3.075843811,5.569214821,3.779775143,5.079528809,3.310012579,4.607165337,4.425996056
reading,14,The man ran into the athlete of the brothers who was,0,sg,1,3.864536762,5.146772861,6.766927242,5.37386179,7.013185024,7.238936901,4.92824173,4.525165558,3.997451544,5.032076359,5.219916821,6.086562157,5.912331581,5.161651134,4.505599976,6.15765667,4.808335304,5.508749008,5.387010574,3.980735064,3.764324188,5.619204044,4.651611805,6.898314476,6.681779385,3.574721813,5.35764492
reading,14,The man ran into the athletes of the brother who was,0,sg,0,2.6967628,3.092856169,3.21191144,3.006551981,5.127742767,3.638925791,3.119647264,3.517555237,2.924344063,2.920430899,2.944398642,3.602494717,2.736189604,2.49740696,3.121626139,3.287959576,2.957500458,2.876214266,3.071445704,2.652670622,2.566534758,2.660362005,3.188819647,3.438397646,3.408380985,3.354757786,3.157005005
reading,14,The man ran into the athlete of the brothers who were,0,pl,0,3.998738289,3.064234972,3.440052032,3.348492146,2.985220432,4.12303257,4.121480942,3.618226767,3.221388817,3.531266212,3.26191926,3.283109188,3.664317131,3.745142698,3.287350416,3.675842285,4.391718864,4.061458588,3.897237539,4.862618446,3.660448074,3.555654287,3.708951712,4.040038109,3.10044241,4.682807446,3.693298054
reading,14,The man ran into the athletes of the brother who were,0,pl,1,6.747275829,6.702786922,5.826386452,5.723199368,5.612565994,8.619792938,6.725581169,5.837772369,5.109434605,5.632126808,5.702054024,6.595102787,6.556081295,6.376567841,5.414527893,6.063014984,6.004918575,6.158694744,6.967899799,4.781719685,5.595013142,6.090639114,4.629241943,5.705031395,5.479346752,6.240947723,6.006017933
reading,16,The man pacified the associate of the businessmen who was,1,sg,1,4.142671585,6.016060352,5.875682831,7.043534279,7.641109467,7.399945736,5.26960516,5.466609001,5.67297554,6.744576454,6.932761669,6.832504749,6.183866024,6.296295166,5.466415405,6.330423355,6.277453423,8.165714264,5.465640545,4.462714672,4.527625084,6.453207493,6.943230152,5.838440895,6.614030361,4.662885189,6.183332291
reading,16,The man pacified the associates of the businessman who was,1,sg,0,2.965447426,2.622375488,2.458702564,2.816202641,4.499688148,2.883645535,2.798965931,2.766054153,2.616579056,3.186157465,2.543556929,4.039967537,2.957968235,2.694879532,2.886889696,2.849878073,3.00514245,2.766912937,3.281062603,2.7596066,2.710130215,2.890301466,3.21639204,2.838502884,2.700445652,2.817051172,2.94428236
reading,16,The man pacified the associate of the businessmen who were,1,pl,0,5.349486351,3.017377853,3.526137829,3.058785915,2.746546507,3.513934851,3.459026814,3.054571629,3.387909651,2.880514383,2.922900915,3.614821196,3.158932209,3.045380116,3.288531542,3.763151646,3.358062983,3.116122246,3.665319443,3.384145498,3.675296783,3.10250473,3.250170708,3.952437878,3.131519318,3.920094728,3.319767895
reading,16,The man pacified the associates of the businessman who were,1,pl,1,9.166211128,8.105419159,6.401002884,6.545480728,5.46287632,7.29718256,7.173186302,6.933948994,7.726476669,5.162351131,7.001370907,6.355687618,5.844307423,6.767202854,5.744382858,6.38731575,6.234508514,6.772183418,6.29739809,5.583622456,5.746477127,6.675653934,6.163403988,7.048702717,7.369705677,7.090530872,6.555615158
reading,16,The man visited the associate of the businessmen who was,0,sg,1,2.805918932,6.039992332,5.585762024,6.929583549,8.083699226,7.115617275,4.947199345,5.062436104,5.304300785,6.686177731,6.307247639,6.512830257,6.277608871,6.58748579,5.726890087,6.279503345,5.688579082,7.76208353,5.600848198,4.636806488,4.357605457,6.182850838,6.264033318,6.043222904,6.611894608,4.924471378,6.060749207
reading,16,The man visited the associates of the businessman who was,0,sg,0,2.488120556,2.660519123,2.587656975,2.860527277,4.475529194,2.904883862,2.679645777,2.517235518,2.367274761,3.092643976,2.507596016,3.854785442,2.991142511,2.743716002,3.025394201,2.925388813,3.041045904,2.545630455,3.216133356,2.805972338,2.64035058,2.720971584,3.142798662,2.983358622,2.696847439,2.884039879,2.914843531
reading,16,The man visited the associate of the businessmen who were,0,pl,0,7.810396671,3.204245806,3.611888647,3.140370846,2.731855392,3.733405352,3.711935997,3.317504168,3.232241392,3.10630703,3.055361271,3.039403677,3.31867528,3.129039049,3.256733656,3.774109602,3.578551292,3.092977285,3.885742188,3.428643465,3.615419388,3.109557867,3.525922537,4.037954807,3.322084904,4.104393482,3.402572975
reading,16,The man visited the associates of the businessman who were,0,pl,1,10.65105915,8.049247742,6.360640049,6.249684334,5.383184433,7.457532883,7.006930351,7.729498863,7.696247101,5.277748108,7.372233868,6.264353275,6.236004353,6.766077995,5.741212368,6.130269527,6.293732643,7.084891319,6.345035553,5.418727398,5.671685219,6.682601929,6.449674129,6.866707325,7.75385046,6.836814404,6.604983425
reading,16,The man pacified the businessman of the associates who was,1,sg,1,4.546184063,6.235378265,4.413013458,5.230940342,7.622206688,7.127014637,6.025859356,4.153093815,3.65177536,4.917163849,5.048061371,5.95329237,5.463728428,4.52296114,5.028972149,4.689234257,6.391846657,5.502465725,5.055671215,3.665108442,4.152779579,4.947705746,5.078748703,4.669527054,5.370815754,4.056542397,5.15895627
reading,16,The man pacified the businessmen of the associate who was,1,sg,0,6.061297894,2.83190465,3.138916016,2.652501822,6.063895226,3.62989378,2.909053087,4.667545795,3.936555386,3.332984924,2.965022564,5.643904686,2.845558405,2.784052849,2.74386096,3.087943077,3.31346488,2.977893829,4.063808918,3.361569166,3.22231102,4.248740673,3.621005297,3.103347301,3.605830908,2.975082397,3.509065905
reading,16,The man pacified the businessman of the associates who were,1,pl,0,4.714769363,3.074013472,4.020349026,3.958792925,3.018526316,4.134088516,3.476074934,3.754220724,5.418813229,4.038604736,3.611557961,3.785161972,3.660010338,3.746448755,3.895358801,5.055685043,3.656310081,4.119296074,3.935553551,5.54465723,4.071082592,4.028913498,3.714282513,5.503792763,3.623884916,4.350636959,4.047844677
reading,16,The man pacified the businessmen of the associate who were,1,pl,1,2.968049288,7.398095131,5.52231741,5.333516121,3.671461821,6.213550091,6.196774483,4.132532597,3.941878557,4.935096741,5.977621555,5.326845646,5.637334824,4.672617912,4.788537502,6.522601604,5.37429285,7.628843307,4.840437412,4.084174156,5.265960217,4.821540356,5.09854126,5.769994736,5.357653141,7.106178761,5.424735928
reading,16,The man visited the businessman of the associates who was,0,sg,1,2.810802698,6.2299366,4.24613142,5.162305832,7.847663403,7.089471817,5.53046751,3.827220678,3.439935207,4.794541359,4.438317299,5.381892204,5.681027412,4.402128696,5.220194817,4.469506264,5.979640007,4.882105827,5.120726585,3.873543262,3.942574263,4.765856266,4.667794704,4.394399166,5.326350689,4.066771507,4.991220112
reading,16,The man visited the businessmen of the associate who was,0,sg,0,3.357211828,2.909146309,3.063748121,2.661729097,6.223679543,3.613998413,2.827985048,3.740368843,3.548061371,3.221760988,2.947053194,5.72743988,2.876152515,2.718679428,2.811939478,3.175524473,3.482252836,2.92987442,3.986124039,3.388999701,3.17478466,3.836237907,3.54620862,3.136486769,3.557179451,3.166999817,3.450896597
reading,16,The man visited the businessman of the associates who were,0,pl,0,7.302968979,3.234168053,4.212571144,4.053502083,3.056318521,4.402815342,3.768236876,3.949994326,4.987224579,4.067174911,3.73137784,3.361186981,3.856768847,3.981614828,3.777188778,5.065057755,3.859289646,4.238244057,4.112957954,5.42956543,4.023876667,3.91656065,4.071816921,5.283709049,3.661546469,4.647029877,4.109991903
reading,16,The man visited the businessmen of the associate who were,0,pl,1,4.574912071,7.28494215,5.583720684,5.028969765,3.918898582,6.546424866,6.046897888,4.922595501,3.936920881,4.976080418,6.353172779,4.649850368,6.079432487,4.991076946,5.005723953,6.469964027,5.436879635,7.847046852,5.281907558,4.254060268,5.074106216,4.982910633,5.039703369,5.912963867,5.740352154,7.127906322,5.539700327
reading,18,The man thanked the servant of the dictators who was,1,sg,1,6.13629961,5.54301548,6.492162228,6.057342529,6.817579269,7.282065868,5.836727142,5.547873974,4.958874226,7.009836674,7.138679504,5.608391762,5.154379368,4.996903896,5.151957989,5.496281624,6.007801056,7.491179466,6.80403471,4.3400774,4.913622379,5.853586197,5.602546215,5.007480621,6.407723904,4.405058861,5.837007294
reading,18,The man thanked the servants of the dictator who was,1,sg,0,3.081754446,2.954380989,3.029568911,3.273815393,3.501456022,2.801474094,3.202586412,3.038622856,2.815694094,2.970581293,3.480882168,4.920535088,2.872694731,2.942727089,3.213503361,2.709443808,2.87877512,2.90277195,3.470206499,2.957861185,3.703889608,3.539814234,3.565995693,3.440080404,3.045407534,3.704108,3.237475061
reading,18,The man thanked the servant of the dictators who were,1,pl,0,2.974579573,3.081109762,3.425842524,2.919063568,2.99175477,2.902088642,3.273994446,3.342354536,2.857102156,2.654997826,2.751759529,3.457115889,3.277884722,3.298667431,3.48350358,4.617586613,3.247234583,3.487653255,2.896366119,3.21658206,3.676494837,3.48574996,3.416605234,3.564950705,3.384281635,3.885656357,3.30385603
reading,18,The man thanked the servants of the dictator who were,1,pl,1,9.120927811,7.427669048,5.255803108,4.570319653,5.197368622,6.779563904,6.365963936,4.650146961,4.446585178,4.525325298,5.181729794,5.687293053,5.277854443,4.443867207,4.176368237,6.560741901,5.839303493,6.355378628,5.095472813,4.344747066,3.984201908,5.632194042,4.980372906,5.755974293,5.388665676,5.926785469,5.353987865
reading,18,The man talked to the servant of the dictators who was,0,sg,1,6.148458481,5.391848564,6.283453465,6.234786034,6.458969593,7.719130993,5.48426342,4.690255642,5.137039185,6.66334486,6.773623466,4.306250095,5.492710114,4.973353863,5.111297607,5.947204113,6.024855137,7.803153515,5.391417503,4.912467957,4.468211651,5.569046021,6.280747414,4.256487846,6.233297825,4.692494869,5.69198843
reading,18,The man talked to the servants of the dictator who was,0,sg,0,2.562761784,3.000608444,2.559720039,3.085607767,3.466558695,3.047820568,2.968471766,2.983138561,3.111474037,2.98101449,3.092429638,3.818220615,3.321940184,3.064403057,2.975713968,3.233166456,3.083512545,3.20085001,3.127836466,3.132804394,3.548537254,2.706699133,3.250146627,3.16455555,2.661656141,3.63683939,3.128949032
reading,18,The man talked to the servant of the dictators who were,0,pl,0,2.661138058,3.277715206,3.430635929,3.117210865,3.294079065,3.264867067,3.43418479,3.285106659,3.056328535,2.902707338,2.950219393,3.380131483,3.590059042,3.663729429,3.525905132,4.565853596,3.271079302,3.067154408,3.460483313,3.06509757,4.360187054,3.183894157,3.189036846,4.182536602,3.344227314,3.667252779,3.421187315
reading,18,The man talked to the servants of the dictator who were,0,pl,1,7.493882179,7.287824154,5.769791126,5.071122646,5.359588146,7.136824608,6.941492081,4.938293457,5.291669369,4.781603813,5.663076401,4.635281086,5.95526123,4.069285393,5.259805679,6.248437881,5.0017066,5.741196156,5.856561184,4.424091339,5.179152966,6.291718483,5.46543169,6.371572018,6.068500042,5.385860443,5.60780592
reading,18,The man thanked the dictator of the servants who was,1,sg,1,3.57268095,6.04293251,5.035234928,6.13914299,6.51366663,7.78817749,5.670100212,4.874455452,4.766794205,6.299226284,5.588757992,7.469377041,5.299604893,6.246459484,5.168310642,5.318230629,5.643737793,6.492194176,7.000281334,4.151434898,4.89241457,5.729458332,6.120790482,6.218863487,6.384904861,4.526184559,5.815229435
reading,18,The man thanked the dictators of the servant who was,1,sg,0,3.254235744,2.788526058,4.756870747,2.947175741,3.372274876,3.212459087,3.230669737,5.218501568,2.913486958,2.822710991,2.891411304,5.388139248,2.571460962,2.632910252,3.064037323,3.262225389,2.92133069,2.975190878,4.185783386,3.005877495,4.069469929,2.99138093,4.300720692,3.316996813,3.933222532,3.351134539,3.444958725
reading,18,The man thanked the dictator of the servants who were,1,pl,0,7.554348946,3.174435139,3.94727397,3.054237843,2.561147451,2.99015975,4.017272472,3.731501341,2.819072723,2.849875927,2.964755297,3.512504578,3.146937847,3.036674261,3.247517347,5.150646687,3.581454039,3.714755774,2.712097168,4.753891468,4.003149986,3.896753311,3.954249144,3.56995368,3.227317095,4.170982361,3.511544666
reading,18,The man thanked the dictators of the servant who were,1,pl,1,10.24748898,7.209510803,4.053659439,5.048567295,6.42008543,6.589726448,6.729670048,4.408437252,4.59748888,4.773138523,5.318202019,6.127822876,5.440283298,5.654347897,4.821433067,6.838703632,6.133048534,6.491141319,4.29171133,4.018311977,4.075893879,5.724856853,4.622710705,5.518019676,4.589739323,7.66346693,5.486399097
reading,18,The man talked to the dictator of the servants who was,0,sg,1,2.967563868,5.529437065,4.985215187,6.263028145,6.427927971,8.094526291,5.222990513,4.422141552,5.35650444,6.07255888,5.405794621,6.17164278,6.24742794,5.748882771,4.97992897,5.935554504,5.43517065,7.211499691,5.148929119,4.318888187,4.46568203,5.3482728,6.395117283,4.547699928,6.193819046,4.477414608,5.616242199
reading,18,The man talked to the dictators of the servant who was,0,sg,0,2.712400436,2.74819088,4.069807529,2.93947649,3.464082718,3.338708878,3.007588625,4.874535084,3.202506542,2.905246496,2.773040771,3.742795229,3.075289249,2.59395051,2.930076599,3.768242359,3.226008654,3.200822353,3.801085234,3.165570498,3.849467754,2.598358631,4.28497839,3.034913063,3.439045668,3.586440802,3.34480916
reading,18,The man talked to the dictator of the servants who were,0,pl,0,5.996443272,3.429610252,3.910449028,3.436306238,2.956225634,3.356041193,4.169002056,3.975868464,3.267340422,3.071973801,3.217396498,3.296434402,3.783453703,3.423923492,3.547843218,4.698057175,3.83533144,3.374119043,3.496393204,4.382925987,4.605470657,3.481647491,3.617263317,4.52682972,3.287887096,4.075466633,3.688930407
reading,18,The man talked to the dictators of the servant who were,0,pl,1,6.807187557,6.977058411,4.594942093,5.527873039,6.579608917,7.081578255,7.210368633,4.710680962,5.534451008,5.165044785,5.634634018,5.310653687,6.401217461,6.339821815,5.707952976,6.564125538,5.848433018,6.322781086,5.031710625,4.130863667,5.059364319,5.809145451,4.855940342,6.035211086,5.091910362,7.0410676,5.782657566
reading,20,The man mocked the fan of the singers who was,1,sg,1,4.833760262,6.545630932,6.249131203,6.730989456,7.959449291,7.062620163,7.359844208,4.837641716,5.733972549,5.228684902,7.997561932,5.837614059,5.65863657,6.647685528,5.255601883,6.425282001,6.049376965,7.326495171,5.79559803,4.375954151,5.040555477,6.582948208,6.275625706,6.875736237,6.640688896,5.550240517,6.24174263
reading,20,The man mocked the fans of the singer who was,1,sg,0,3.86731267,3.144384146,3.153864384,2.669433117,3.684705973,3.149827957,3.337445498,4.251842022,3.354640007,2.662636518,2.997787237,5.186777115,2.672121525,3.052436829,3.244041443,3.189822674,3.155955791,3.202279091,3.557219982,3.087105036,3.074575186,3.50920248,3.565727234,3.0532372,3.43771553,3.467432261,3.314488649
reading,20,The man mocked the fan of the singers who were,1,pl,0,3.979805708,2.903638124,3.474996567,2.740167856,2.514401436,3.286077023,2.995902777,3.812774897,2.841804743,3.278753519,2.537503719,3.328173399,3.455362558,3.108969212,3.217890978,3.922217846,3.128020525,3.37706399,3.350026608,4.012905598,3.365766048,3.641577482,3.066696167,3.263048172,2.969019413,3.315379381,3.236325521
reading,20,The man mocked the fans of the singer who were,1,pl,1,4.272992134,7.393245697,5.557352066,5.19847393,6.493499279,6.763140678,6.783895493,5.556595802,5.503923416,5.27531147,6.267052174,5.451423645,7.019688606,5.018816471,5.018063068,6.532659054,5.302867889,6.588602543,5.456578732,4.966104984,4.842650414,6.263685226,5.613651276,6.274668694,5.369449139,7.381385803,5.915711422
reading,20,The man counted the fan of the singers who was,0,sg,1,6.066689491,6.661156178,6.173238754,6.494241714,7.333168983,7.777598381,7.162880898,5.105068207,5.928693295,5.097782612,7.055229187,5.948613167,6.345024109,6.211758137,5.95788908,6.465818405,7.299436092,7.657052994,5.780790806,4.428791523,5.258131504,6.138982773,6.572831631,6.30274725,6.607156754,6.220373154,6.319378223
reading,20,The man counted the fans of the singer who was,0,sg,0,4.197446346,3.311137199,3.478739023,2.770767927,4.325792313,3.649466276,3.484105825,4.400031567,3.313319683,2.713824272,2.943689346,4.951071739,3.260157108,2.988083363,3.865370274,3.146529198,3.492777824,3.461930275,3.617870092,3.061691284,3.228435516,3.467419624,3.641354799,3.152713537,3.833518505,3.713384628,3.490927248
reading,20,The man counted the fan of the singers who were,0,pl,0,3.716706991,2.883908272,3.966154099,2.847992182,2.929345369,2.886876822,3.068855762,3.699819803,2.697714329,3.191023111,2.658346653,3.131490469,3.266621351,3.321467161,3.832919836,3.575979233,2.998988152,3.082628489,3.404109955,3.831598759,3.662455797,3.268613815,2.958208561,3.842530012,3.298463106,3.445251703,3.270054512
reading,20,The man counted the fans of the singer who were,0,pl,1,3.670834303,7.176186085,7.152289867,4.469851971,6.409445763,5.852025986,6.085381985,5.486069202,4.613586903,5.036284924,5.348447323,5.13847208,5.564226627,5.280489445,5.757256508,6.131179333,5.05753231,6.037370682,5.186902046,4.736839294,4.679927826,5.381947041,5.014091492,6.643896103,5.259144783,7.358464718,5.634292412
reading,20,The man mocked the singer of the fans who was,1,sg,1,6.887552261,5.564188004,5.851192951,6.112728596,7.5160923,6.920948505,7.125799179,4.209941387,5.686727047,5.729743958,6.303155899,5.604553699,4.635284901,5.634744644,6.049777508,6.439556122,6.424543381,7.63346529,5.433386803,4.600722313,4.797569275,7.070296288,5.655118942,6.368140697,6.467045784,4.702719688,5.941497726
reading,20,The man mocked the singers of the fan who was,1,sg,0,3.746990204,4.258687973,5.057559967,3.177727699,5.969949722,3.615747452,4.771094322,4.251870632,4.101401329,3.360155821,3.779151917,4.900337696,3.675655127,3.334462166,4.27202034,3.37519598,3.107153416,3.926479578,6.087837696,3.413538218,3.620285749,5.051047802,5.019877911,3.393681049,4.684925556,3.806324482,4.160486784
reading,20,The man mocked the singer of the fans who were,1,pl,0,3.56990242,3.132229567,4.010070801,3.009169102,2.819036961,3.753200054,3.445564508,3.822306395,3.383330345,3.461204529,3.239309788,3.295853138,4.335416317,3.286610603,3.648075581,4.651515484,3.546939135,3.9087677,3.713659286,3.974477053,3.858813524,3.696245909,4.101097584,3.782519341,3.270360231,3.846731901,3.639700193
reading,20,The man mocked the singers of the fan who were,1,pl,1,5.542650223,4.646393299,3.878735781,4.34440279,2.839418411,5.104788303,3.830906391,4.507731438,4.343951702,5.069364548,4.507098198,5.031911373,5.331941605,4.44148159,3.913411856,5.867208004,6.172720909,5.570584297,3.907402039,3.858762741,4.643903255,4.874917984,3.954574823,4.696352005,3.963023424,5.889358997,4.607613831
reading,20,The man counted the singer of the fans who was,0,sg,1,7.119479656,5.243191719,5.999615669,5.885253906,7.199239254,7.67692852,6.690170765,4.429256916,5.684871674,5.390774727,5.870036125,5.798545837,5.043601513,5.697600842,5.849874496,6.141687393,7.071362495,8.06022644,5.530312061,4.477532387,4.996480942,6.453002453,6.145326614,5.429065704,6.417759895,5.546936989,5.949146214
reading,20,The man counted the singers of the fan who was,0,sg,0,4.110657215,4.428013802,4.612395763,2.912343979,6.476963043,4.238987446,4.888776779,4.656992435,4.170372486,3.322245359,3.869293928,5.272827148,4.337280273,3.228167772,4.986747742,3.165697098,3.391746283,4.50510025,6.369361877,3.467409611,3.673565865,4.667920113,4.992332458,3.259417534,5.192808628,3.994655371,4.323256922
reading,20,The man counted the singer of the fans who were,0,pl,0,3.266076565,3.086029768,4.263054371,3.141798973,3.314703226,3.316667795,3.613227844,3.619626045,3.057374001,3.619017601,3.292365789,3.099642754,3.812922716,3.31679821,4.663146973,4.636890411,3.609473944,3.667307138,3.631900072,3.631587029,3.860194206,3.281018734,3.673022032,4.469580173,3.366035223,3.767362118,3.632429886
reading,20,The man counted the singers of the fan who were,0,pl,1,4.066066742,4.617781162,4.820587158,4.21944809,3.345300674,4.101545811,3.916143417,4.708567619,3.733152628,5.116482258,3.715107918,4.748764038,3.5813272,4.684622765,4.624614239,5.417480946,5.609645367,4.828900814,3.842717886,3.671357632,4.608947754,4.274682522,3.603066206,5.176855087,4.038569927,6.291269302,4.451877537