exp,item,sent,hasIC,num,isHIGH,tf_score,gpt_score,LSTM_avg_score,LSTM_1_score,LSTM_10_score,LSTM_11_score,LSTM_12_score,LSTM_13_score,LSTM_14_score,LSTM_15_score,LSTM_16_score,LSTM_17_score,LSTM_18_score,LSTM_19_score,LSTM_2_score,LSTM_20_score,LSTM_21_score,LSTM_22_score,LSTM_23_score,LSTM_24_score,LSTM_25_score,LSTM_3_score,LSTM_4_score,LSTM_5_score,LSTM_6_score,LSTM_7_score,LSTM_8_score,LSTM_9_score
story,1,The man admires the agent of the rockers who was,1,sg,1,0.9144065919,0.4017133427,0.1033065541,0.04056779657,0.1099295244,0.04621383038,0.02593302094,0.02581839264,0.03565364899,0.4308760855,0.08314675879,0.09098476599,0.1150266947,0.07046378033,0.0713189859,0.02471633643,0.1099915708,0.04735005917,0.06213702653,0.06927830344,0.016731836,0.197337915,0.1505333648,0.0582293469,0.123909976,0.2271746362,0.1367239714,0.2126162236
story,1,The man admires the agents of the rocker who was,1,sg,0,1,0.9129047382,0.6840154159,0.8998896962,0.6651021062,0.77701431,0.5962641533,0.8263585984,0.7757428302,0.222236887,0.686344577,0.7621297134,0.771379125,0.2763559559,0.5275825081,0.759830802,0.674284049,0.7109932718,0.8036892283,0.9280696324,0.8648084113,0.7902023824,0.577023705,0.6997508736,0.3836229444,0.845543897,0.5770271366,0.6991386037
story,1,The man works with the agent of the rockers who was,0,sg,1,0.9506607955,0.1147157977,0.1360610217,0.07560526263,0.121460451,0.05232022771,0.0124486802,0.03039608788,0.06264680961,0.5242588177,0.1097546053,0.1224019171,0.2124788244,0.05758245368,0.05058649742,0.03466983843,0.1563717268,0.07547216689,0.1572696443,0.05268352405,0.08301680571,0.2019340196,0.2146602718,0.09268308296,0.1986367797,0.3845028925,0.1555040092,0.1621801458
story,1,The man works with the agents of the rocker who was,0,sg,0,0.9930000443,0.8406677285,0.6822689186,0.7949422251,0.7866486467,0.6169849899,0.1261925796,0.5178610048,0.8311594547,0.3195593408,0.7934447694,0.7089782825,0.8419713001,0.4402103863,0.5829948494,0.8775976243,0.8922000045,0.8446561187,0.760585149,0.9377146046,0.891583349,0.872228257,0.2946652166,0.8324676906,0.4483244842,0.8696672159,0.5668985085,0.6071869134
story,1,The man admires the rocker of the agents who was,1,sg,1,0.3659838982,0.08825067324,0.07242597152,0.03720154057,0.07300555991,0.05828933128,0.01015708823,0.02390334212,0.05928674256,0.1293779529,0.07663442704,0.1184404325,0.03816352396,0.04884805694,0.1272553651,0.06846430701,0.08318396368,0.06334536609,0.02693236107,0.1061677204,0.03949245561,0.1468431227,0.113058156,0.05932070568,0.05713844766,0.04323293445,0.05514741447,0.1477589702
story,1,The man admires the rockers of the agent who was,1,sg,0,1,0.9728937673,0.7179910452,0.9106902254,0.576387439,0.8431431743,0.4196035651,0.8103093821,0.8869984397,0.7440435536,0.594032937,0.7654159601,0.7553273791,0.1535304164,0.8208138011,0.7388441315,0.7727746247,0.6896057323,0.6423945153,0.629937546,0.4237034114,0.8424126233,0.6794313301,0.9222540542,0.7360056693,0.7772403101,0.9003459876,0.9145299205
story,1,The man works with the rocker of the agents who was,0,sg,1,0.6643832285,0.05207218308,0.09152139114,0.06499109231,0.08710783074,0.0560256906,0.003789050115,0.02346838958,0.06646363406,0.2099817565,0.09078031993,0.1683597525,0.04651168589,0.0597393943,0.08585127466,0.08237826911,0.10812014,0.08695644641,0.0499738219,0.05136269168,0.1510501266,0.1761075653,0.146872879,0.07772926278,0.1191065225,0.1218095054,0.055750168,0.09774750863
story,1,The man works with the rockers of the agent who was,0,sg,0,1,0.9415337409,0.7197494396,0.8286681725,0.685390875,0.8059453592,0.09966514322,0.5312543403,0.8954720158,0.777405007,0.6740355557,0.679767514,0.8649833551,0.1818539464,0.9054481357,0.840472538,0.8716295827,0.8170308536,0.6571670072,0.6558916824,0.6956651905,0.8925577918,0.2531244942,0.9582848295,0.7531443334,0.8478753918,0.9219172087,0.8990856672
story,3,The man blamed the friend of the athletes who was,1,sg,1,0.9740792069,0.7654788674,0.08828247705,0.09950186628,0.09490012737,0.03060202205,0.02486796126,0.01480202256,0.03886385395,0.169490046,0.06539440721,0.1151977308,0.01587696451,0.1402769847,0.2553912326,0.08651950451,0.09455474283,0.08518245515,0.07932738157,0.03111033484,0.03983911183,0.1187546884,0.1808627834,0.06838310229,0.16100905,0.008883341729,0.05828154241,0.129188668
story,3,The man blamed the friends of the athlete who was,1,sg,0,0.9880502647,0.9564427597,0.7922716659,0.6623952876,0.9107489473,0.8809589075,0.9017628269,0.9522972135,0.9446584092,0.4416979087,0.6383465886,0.8453450705,0.9181756809,0.4146513167,0.9280271418,0.9387207004,0.7754370498,0.8255688275,0.9115859203,0.9519120393,0.764090724,0.6159867186,0.6417747537,0.9629255086,0.8160322149,0.7900101708,0.5980687046,0.7756130171
story,3,The man noticed the friend of the athletes who was,0,sg,1,0.980064518,0.9386724705,0.1006990546,0.08650904417,0.06484051624,0.06079192476,0.01757116352,0.02509841304,0.06947206407,0.1735087897,0.06537467131,0.08282842268,0.01403325344,0.1658260414,0.215891327,0.1002027706,0.1196800234,0.05792975395,0.1270329393,0.05467994655,0.1791532862,0.223464289,0.2001286786,0.074404174,0.1394620373,0.02570479943,0.0620893041,0.1117987308
story,3,The man noticed the friends of the athlete who was,0,sg,0,0.9609181353,0.1618023319,0.7669216176,0.559369639,0.8411903589,0.9118570296,0.8060545985,0.9544029493,0.8899998914,0.5930265232,0.7004484858,0.7455865027,0.8558428212,0.4354862141,0.8944160484,0.9019284686,0.7936765511,0.7233931064,0.8322024706,0.9547693093,0.7086722558,0.6228626234,0.6085977375,0.92230719,0.7306854021,0.8638890164,0.6175746105,0.7048006355
story,3,The man blamed the athlete of the friends who was,1,sg,1,0.2083326385,0.2290966087,0.1519896888,0.0850946986,0.4451985904,0.04780262335,0.01511434279,0.04091862089,0.08304821061,0.06572073749,0.1049183865,0.2736316634,0.330122497,0.08374364911,0.1434751859,0.1020395468,0.1440986634,0.1368943508,0.3465585883,0.06988192568,0.06491621313,0.1736074382,0.2254895236,0.08806167732,0.18585158,0.0938466814,0.03884068122,0.4108661442
story,3,The man blamed the athletes of the friend who was,1,sg,0,0.990935087,0.9665388818,0.6945055873,0.8355057727,0.7187660914,0.5903711902,0.6449048225,0.7503922541,0.8622913605,0.5410456726,0.4867543434,0.8620070034,0.7919783593,0.3587366787,0.8903012891,0.7444998125,0.5862962251,0.83929771,0.6739226489,0.9228630224,0.6922832107,0.5783209661,0.619688693,0.801666573,0.5973383165,0.6734693678,0.7391627827,0.5607755159
story,3,The man noticed the athlete of the friends who was,0,sg,1,0.1424862749,0.2430167673,0.1754240443,0.07607049717,0.2394472015,0.1063258404,0.008771474506,0.09344658506,0.08691685921,0.05941422151,0.1307294128,0.3138312837,0.2551780842,0.09604524617,0.1572165492,0.08104362519,0.1995694232,0.202314799,0.3763830841,0.1182769859,0.2347936918,0.2838028165,0.2938756454,0.07516734619,0.2652906611,0.2505311895,0.0740843026,0.3070742826
story,3,The man noticed the athletes of the friend who was,0,sg,0,0.9805803583,0.9442990403,0.6213453608,0.620327462,0.6349759248,0.6938911565,0.264940011,0.7317103121,0.7886708105,0.7863770226,0.5407889088,0.7327058024,0.536997749,0.2566097063,0.7418540744,0.793843787,0.5451331514,0.6618624007,0.5401507874,0.9204629128,0.6614330382,0.4702317254,0.5651677183,0.7577307049,0.4362685343,0.7155849397,0.6279094328,0.5080059471
story,4,The man complimented the guest of the brides who was,1,sg,1,0.3299856169,0.5776622505,0.1317529068,0.06869701754,0.2024608454,0.1031103849,0.04127136313,0.05679339834,0.08131753185,0.06918680561,0.07785704898,0.1722735677,0.09034944239,0.03023204887,0.1078025997,0.08006147467,0.1529828259,0.1036161361,0.1515350716,0.09909418758,0.0742202373,0.5320012389,0.1585408516,0.2488994621,0.2857189005,0.0754894929,0.06300452701,0.1673062087
story,4,The man complimented the guests of the bride who was,1,sg,0,0.9122951971,0.3003835744,0.711295739,0.8971844484,0.5220056125,0.8951278358,0.8791151051,0.8198477863,0.8349912762,0.584229841,0.5831686173,0.7605086479,0.777832879,0.4997178942,0.8989567371,0.7183706018,0.490165653,0.7854374555,0.8305677794,0.9430020596,0.7233197631,0.6611232423,0.47006965,0.7226166723,0.4920087218,0.7243029181,0.5774413198,0.6912809578
story,4,The man met the guest of the brides who was,0,sg,1,0.2468784321,0.3516413836,0.1608165589,0.0729509954,0.1898739461,0.1408249184,0.03332041392,0.01836127583,0.2026681657,0.09096655787,0.09300707569,0.24638418,0.08381515234,0.03549559205,0.08526735155,0.1259000375,0.1453955305,0.1321780494,0.2312919035,0.08496998574,0.1826639532,0.6086452134,0.2792908717,0.2525187026,0.1617673377,0.1923876381,0.1432693874,0.1871997366
story,4,The man met the guests of the bride who was,0,sg,0,0.9347271296,0.5143277976,0.7856637259,0.8969402971,0.7457200092,0.9199535982,0.7473462256,0.8998028738,0.8462667215,0.840955298,0.8398593079,0.8379184472,0.8049400786,0.6745794472,0.8438239938,0.7959252937,0.7243032928,0.87411695,0.8277833156,0.9607803974,0.7661891638,0.7956888385,0.6990271261,0.636760853,0.6636533789,0.890909086,0.6802175307,0.4281316227
story,4,The man complimented the bride of the guests who was,1,sg,1,0.9036831033,0.06257908508,0.1464723131,0.107104995,0.1411119451,0.0628116682,0.04748941591,0.06526749904,0.03217045567,0.3261763485,0.1506717031,0.07715578736,0.03206031194,0.08995945446,0.43683742,0.1151470131,0.1434860897,0.1801798975,0.08732722558,0.0466653427,0.1066384859,0.5244904127,0.1823346068,0.144427557,0.2307178167,0.1061283356,0.06208815635,0.1633598832
story,4,The man complimented the brides of the guest who was,1,sg,0,0.8848253669,0.8563904768,0.6380370784,0.3326467056,0.8646584262,0.6384724657,0.6144759219,0.7831434492,0.6939243635,0.856812952,0.7362626099,0.761586823,0.5836150669,0.7866798066,0.7863980231,0.8555958182,0.3571293118,0.5807458555,0.4485352634,0.5168478341,0.3722596786,0.7710081074,0.5221473378,0.6067081439,0.5437273016,0.8854968314,0.4162057404,0.6358431225
story,4,The man met the bride of the guests who was,0,sg,1,0.8764235303,0.05804427108,0.1650697244,0.1114958189,0.1097610131,0.05708052526,0.04390949297,0.02487148519,0.1262574938,0.3634523846,0.1844285611,0.1352794335,0.02705251215,0.1534310716,0.2754718808,0.1489162271,0.1571145144,0.2244845112,0.09061730684,0.07317715189,0.1942553028,0.5694521123,0.2243983718,0.1505612496,0.0347147024,0.4647291765,0.06633643358,0.1154943772
story,4,The man met the brides of the guest who was,0,sg,0,0.6217953352,0.7925593363,0.7149995743,0.2812024538,0.9018919353,0.7674725154,0.5491492199,0.8502854606,0.8479478809,0.9318498664,0.874387855,0.8750523783,0.7559569825,0.7723152453,0.8007539206,0.9091668238,0.5905260759,0.6718064724,0.4940251308,0.4669020493,0.5263848145,0.8544257119,0.8328204445,0.5315165953,0.5201416947,0.9643378303,0.6714654452,0.6332045551
story,5,The man congratulated the teacher of the second graders who was,1,sg,1,0.9743730937,0.8750681588,0.1514716556,0.1133464338,0.1611121127,0.1283196231,0.04746277692,0.01932343536,0.1081720744,0.1526135529,0.08276534399,0.03941188387,0.1628018966,0.04901838591,0.4110530135,0.1782643637,0.2679908225,0.2168548523,0.1291566304,0.0202377961,0.05962575459,0.5856671041,0.2575151414,0.1050846319,0.08217224241,0.09881730836,0.1066599027,0.2033443063
story,5,The man congratulated the teachers of the second grader who was,1,sg,0,1,0.9526278936,0.8585702692,0.9407866752,0.8300167841,0.9056390143,0.9011181524,0.9736004328,0.9348906048,0.6930304381,0.8347291523,0.6913402277,0.9270479691,0.4891743409,0.9237063463,0.8149529957,0.8257096053,0.9446904601,0.9701786595,0.9813609593,0.9163919817,0.8420974132,0.566486023,0.885243344,0.8576858944,0.973258688,0.8992655958,0.9418549721
story,5,The man visited the teacher of the second graders who was,0,sg,1,1,0.8936598031,0.1987921697,0.08428612536,0.1916521707,0.1196250492,0.04756826506,0.03616964585,0.2217066996,0.2794724873,0.1601906714,0.08851726373,0.3860090035,0.0696722457,0.2315914037,0.221095631,0.2586245072,0.2947131836,0.1084078236,0.04650561217,0.1888697118,0.626815396,0.3338684577,0.1375690027,0.09519147376,0.1674467256,0.1447168459,0.4295188409
story,5,The man visited the teachers of the second grader who was,0,sg,0,0.994721239,0.9418612047,0.9130867073,0.9545564215,0.8863471672,0.9486410518,0.9113038221,0.9882718329,0.9722565498,0.9138946908,0.9022599406,0.8466119895,0.9345491469,0.6465481232,0.9433943714,0.9083911505,0.8652333018,0.9516071008,0.9784474497,0.9859645879,0.9478391228,0.8407464451,0.7644817387,0.9408646147,0.917789185,0.9721680535,0.9197916909,0.9852081337
story,5,The man congratulated the second grader of the teachers who was,1,sg,1,0.9568347071,0.2290949049,0.1969098182,0.09912621092,0.1899645728,0.1182389359,0.04235291021,0.02401017763,0.1979286011,0.2006511479,0.2639918645,0.07876047512,0.1049488575,0.2225254962,0.3909226868,0.1700122974,0.3478800368,0.2952941281,0.2307252297,0.1976391791,0.1065370981,0.5039458672,0.1981228852,0.09445282792,0.2424344771,0.2700945614,0.07733604384,0.2548488879
story,5,The man congratulated the second graders of the teacher who was,1,sg,0,1,0.9345116291,0.7925783606,0.8648403003,0.7250637944,0.9330696315,0.7448409833,0.9051362633,0.9056909266,0.4184633212,0.8702430143,0.6952972894,0.7560523659,0.5522782026,0.90703211,0.8920897944,0.6958582895,0.8775937701,0.846646737,0.8598160432,0.6962976706,0.6578764104,0.7314118626,0.6519832502,0.8036752097,0.9256229458,0.954241168,0.9433376596
story,5,The man visited the second grader of the teachers who was,0,sg,1,0.9636264282,0.4670019227,0.2509762663,0.08603825738,0.2597452558,0.0577810823,0.05742642475,0.04581225902,0.3978373313,0.3739627549,0.2795474969,0.1845642499,0.2649647329,0.2440046546,0.255552055,0.1327758827,0.3230571206,0.3388952861,0.2154530243,0.2531130934,0.3518243632,0.5646639527,0.301726208,0.1150861489,0.3618449985,0.2927806562,0.1249694605,0.390979907
story,5,The man visited the second graders of the teacher who was,0,sg,0,1,0.9877165315,0.8512821437,0.8439321526,0.8184946159,0.9333288392,0.7369607841,0.9165327824,0.9477855265,0.6486796328,0.9141103245,0.7534394275,0.8123509832,0.7473326144,0.9247119909,0.9501787321,0.8213171046,0.9059448489,0.9389187803,0.8851044257,0.7702275224,0.6951790178,0.8032268417,0.7833378019,0.8823053196,0.9346746894,0.9445024653,0.9694763701
story,6,The woman criticized the leader of the activists who was,1,sg,1,0.8609780231,0.4705118664,0.1594795026,0.1982026086,0.1994698683,0.0554819346,0.04820893961,0.04565267482,0.06850664072,0.139667273,0.119460834,0.09843966172,0.146708691,0.175091332,0.5166748796,0.1116013017,0.1938205682,0.1858655203,0.06963595276,0.04018268584,0.02637937788,0.4200010585,0.191892789,0.09250231454,0.3084282102,0.04503437949,0.07725605399,0.4128220137
story,6,The woman criticized the leaders of the activist who was,1,sg,0,0.9717480423,0.5909215808,0.6976881719,0.8319376031,0.402041238,0.682444545,0.6687025575,0.7906989067,0.8175842482,0.4124658535,0.5120849341,0.7044244233,0.8200853021,0.4910112839,0.9011027703,0.8474364475,0.5414095392,0.7964572726,0.8560318122,0.8480905977,0.4627010916,0.6257848126,0.6807835568,0.7049950299,0.6306425987,0.7789727325,0.8817955119,0.7525196277
story,6,The woman talked to the leader of the activists who was,0,sg,1,0.9643122997,0.4432787145,0.1855732375,0.2372343599,0.2380291933,0.08204616777,0.03957018854,0.04302928485,0.2178406794,0.2968458268,0.1316229426,0.1073369066,0.1830482775,0.3376159475,0.4476371141,0.2014262464,0.1745869899,0.2053290047,0.07240215551,0.03259959165,0.1178654934,0.3232794325,0.2539974684,0.1311428649,0.1153818241,0.1227359671,0.1005529755,0.4261740353
story,6,The woman talked to the leaders of the activist who was,0,sg,0,0.9635851861,0.7646025668,0.7914158932,0.8993000949,0.760728202,0.854011658,0.738013166,0.8315396796,0.9082473892,0.6045117042,0.6977062645,0.7470474535,0.8796976665,0.7661577015,0.8362259812,0.8998843109,0.7409066421,0.8310909309,0.8243361928,0.8988520831,0.5862075593,0.6176527489,0.7533482235,0.7912115948,0.6759858321,0.8719931216,0.9345640821,0.8361770474
story,6,The woman criticized the activist of the leaders who was,1,sg,1,0.3378898959,0.03501526864,0.1301016707,0.06650738958,0.1735762302,0.1121418355,0.05984268492,0.03078603641,0.02255221862,0.1150461578,0.2600230852,0.1094339098,0.050116538,0.07025352177,0.1780379651,0.1612472049,0.1853523515,0.1142530044,0.10620053,0.02042043455,0.03345046596,0.3688035634,0.1796345218,0.0764209871,0.237864362,0.08642717542,0.04754443704,0.3866051564
story,6,The woman criticized the activists of the leader who was,1,sg,0,0.9430654059,0.9284409864,0.7540027034,0.8959113794,0.5799379379,0.7837879787,0.8648486081,0.8601237027,0.8954906231,0.4808035027,0.6493967864,0.8870665671,0.878822512,0.6727477219,0.9399290344,0.745515927,0.4748887539,0.8046756363,0.8518648744,0.8410373357,0.5445750251,0.660470243,0.6805409464,0.9233813835,0.7773745024,0.5897743309,0.9171024096,0.6499998618
story,6,The woman talked to the activist of the leaders who was,0,sg,1,0.6962001303,0.2217777568,0.1639603674,0.1192373465,0.1809166599,0.1647009823,0.1133832917,0.03826552156,0.09191121803,0.2495467531,0.2519337026,0.1166320593,0.07925350797,0.07308572905,0.1291847413,0.252509697,0.2208392569,0.1224768868,0.1004540883,0.02617521522,0.09094067854,0.3487681451,0.2926627715,0.1193402879,0.07742194505,0.4097075774,0.06463039514,0.3650307274
story,6,The woman talked to the activists of the leader who was,0,sg,0,0.9529475796,0.9627234612,0.8426185069,0.9585990048,0.8369642078,0.862350636,0.8317999252,0.9083817349,0.9478546435,0.777144537,0.8119715364,0.8582290077,0.9119952159,0.8410444165,0.9293982459,0.8237203269,0.7378387649,0.8388653348,0.7623370188,0.9033628638,0.7629377952,0.7102224022,0.741310447,0.9388989313,0.8212354471,0.8396402688,0.9670419966,0.7423179647
story,9,The woman dislikes the little girl of the neighbors who was,1,sg,1,0.6739569834,0.9972337008,0.09403751339,0.06593645629,0.122598106,0.03456911523,0.07341238052,0.03421383897,0.06236842838,0.1023748621,0.09793363089,0.06973699827,0.04995024947,0.04444245849,0.1175101378,0.0725222736,0.1554710434,0.07116982059,0.04323836764,0.05140130695,0.08718281716,0.1877121997,0.0983447635,0.07266871709,0.08018919894,0.3859798969,0.05865016951,0.1113605974
story,9,The woman dislikes the little girls of the neighbor who was,1,sg,0,0.2139495885,0.5713609463,0.7613787526,0.9733468336,0.6028138831,0.8354794412,0.7798568977,0.8727940046,0.9659475263,0.2273303972,0.9033639103,0.7777688774,0.8416713941,0.5473138838,0.8056079071,0.8473577406,0.8709123264,0.837082726,0.6009510714,0.4429047126,0.6539779559,0.7986032013,0.9000772458,0.9258702041,0.7619949573,0.8230587712,0.5938534326,0.8445295146
story,9,The woman watches the little girl of the neighbors who was,0,sg,1,0.6782673396,0.8095235556,0.1133298963,0.06585048727,0.08210603302,0.04331161591,0.06831395664,0.01731636242,0.05264059341,0.1014537234,0.1370354011,0.09538177216,0.05999988557,0.07498741368,0.1134374706,0.04645797032,0.2462497824,0.09439631666,0.056778674,0.05154952917,0.08201008935,0.3652244732,0.08777493195,0.09879032622,0.07367631973,0.5652143069,0.04304921341,0.1102407583
story,9,The woman watches the little girls of the neighbor who was,0,sg,0,0.1445941146,0.7498986807,0.7454989702,0.9135028533,0.4470227157,0.8809899601,0.7114965833,0.7519270827,0.943867254,0.1972612987,0.9204030536,0.7737533347,0.7759494667,0.6310880906,0.853578323,0.7516201366,0.8890271118,0.85812173,0.5716204428,0.357798828,0.5583885222,0.820189236,0.9093783496,0.938808684,0.7952593152,0.9244543777,0.5601270574,0.9018404472
story,9,The woman dislikes the neighbor of the little girls who was,1,sg,1,0.08232289996,0.5695927548,0.06213406897,0.05874595316,0.05768547711,0.1414900853,0.04958486576,0.01312339302,0.1038483285,0.1451915326,0.0566471798,0.08088547874,0.05660029403,0.0364973289,0.0779397255,0.0181176369,0.0489526787,0.04137324455,0.0680302088,0.02538305993,0.03142799762,0.06618372253,0.123075558,0.05251238631,0.1181301254,0.02009795361,0.04351563347,0.01831187612
story,9,The woman dislikes the neighbors of the little girl who was,1,sg,0,0.9412619535,0.9882780487,0.8832824369,0.985791155,0.872641738,0.8578262496,0.978727051,0.9131102636,0.9040298902,0.925722462,0.6715620442,0.9211778308,0.9083055148,0.6569967786,0.9411421023,0.8567028545,0.9038474934,0.7500301884,0.9511149358,0.8908395283,0.8313386881,0.8862375957,0.8454475239,0.9879986624,0.9300894018,0.9399374285,0.856208503,0.9152350396
story,9,The woman watches the neighbor of the little girls who was,0,sg,1,0.1376096239,0.3852828543,0.06715539838,0.04926262047,0.03706248325,0.162400602,0.03745847081,0.007815752033,0.08014523908,0.1390638491,0.07405422065,0.07864932451,0.05267672374,0.05217482532,0.06707106925,0.01299678337,0.0726488102,0.06398144412,0.09171418916,0.01871571118,0.0350175149,0.0916415112,0.1277009194,0.07574152635,0.0912396698,0.09641260187,0.03773710004,0.02550199781
story,9,The woman watches the neighbors of the little girl who was,0,sg,0,0.8351384885,0.977709807,0.8488446994,0.9748188153,0.7231821417,0.858522234,0.9698006617,0.8696384862,0.8690870064,0.8542864306,0.6121744291,0.917410425,0.8747042851,0.6273719452,0.9164785499,0.7493230918,0.9250225992,0.7113919719,0.8126597433,0.873006753,0.7748308444,0.8767283541,0.816219645,0.9886596096,0.9239803028,0.9512664327,0.8207946119,0.9297581154
story,11,The man likes the captain of the old sailors who was,1,sg,1,0.9477333872,0.5461491914,0.08954442181,0.07574972686,0.1530816403,0.03705416602,0.05248891618,0.010142924,0.163942483,0.1305672653,0.1207940034,0.07295595453,0.05294604754,0.07630352105,0.07779579688,0.04140295276,0.2074902863,0.06917875527,0.06947313353,0.02597703965,0.02654281169,0.275156077,0.1136117511,0.09974250414,0.05253668346,0.01599444074,0.06855290679,0.1491287577
story,11,The man likes the captains of the old sailor who was,1,sg,0,0.819307318,0.4194732043,0.7056026859,0.8670984804,0.6760565176,0.7137586575,0.9142014246,0.7776229686,0.9354244892,0.1076366264,0.9439519756,0.7951024125,0.7533583351,0.5670499955,0.6056674851,0.7841930634,0.3948509073,0.6259175995,0.7750968959,0.9306822222,0.6072209432,0.6866668648,0.4516665582,0.8889769392,0.3848495141,0.8627342022,0.848782501,0.7414995679
story,11,The man resembles the captain of the old sailors who was,0,sg,1,0.989700747,0.6336966665,0.1057788447,0.1069561384,0.1324518438,0.05668965489,0.05751405906,0.01517332877,0.177714458,0.1219787362,0.1357806235,0.1052238031,0.07662910351,0.06417887399,0.06603515703,0.0390227249,0.2703048249,0.1453955307,0.1074192617,0.04351701223,0.04417012379,0.3222892398,0.1065960543,0.1345092509,0.05306578844,0.01954816759,0.06457096273,0.1777363961
story,11,The man resembles the captains of the old sailor who was,0,sg,0,0.993591281,0.5769017113,0.6841730761,0.7673958848,0.5483692358,0.6081536513,0.7149395588,0.7716188001,0.9311716128,0.1981429396,0.937942349,0.8242381012,0.8280622572,0.6807970211,0.3607711578,0.7150224187,0.4545565856,0.7507254133,0.6989184615,0.8990250912,0.6668969293,0.7451643154,0.4537227126,0.8989161119,0.3449933858,0.9146802185,0.8360115741,0.5540911142
story,11,The man likes the old sailor of the captains who was,1,sg,1,0.04009582145,0.2403812362,0.1025432669,0.05444804031,0.09611918024,0.06361781357,0.02155073604,0.0257699613,0.1586477686,0.0671053678,0.1723669111,0.05308319101,0.03454614755,0.03499941558,0.05887640328,0.1169076732,0.1627873694,0.07657788202,0.140570649,0.03921387028,0.09139520299,0.2592893163,0.218850624,0.07146024124,0.05619518412,0.1410053116,0.05790511668,0.2902922945
story,11,The man likes the old sailors of the captain who was,1,sg,0,0.9891089798,0.9302742396,0.6820921374,0.8199027852,0.6129931703,0.7410629083,0.521470529,0.8187989099,0.8976615367,0.1226331008,0.7823416936,0.8446684336,0.7326933491,0.3956739396,0.7896532205,0.8419440442,0.6031587619,0.8390270958,0.725622499,0.4956115929,0.5616891576,0.8066078919,0.592884959,0.779689626,0.332759011,0.7436774967,0.8344939184,0.8155838044
story,11,The man resembles the old sailor of the captains who was,0,sg,1,0.2533179543,0.02034762932,0.1251243546,0.06650235437,0.06501940209,0.09960121237,0.03088923076,0.03623867739,0.1517086728,0.1209917064,0.1771529144,0.09038988835,0.06916980527,0.02829069196,0.07672594629,0.1274933823,0.2076457369,0.1399187144,0.1821266004,0.06416544079,0.1385342754,0.2730127483,0.2247140177,0.0942269529,0.09388182097,0.1223622694,0.05984237863,0.3875040254
story,11,The man resembles the old sailors of the captain who was,0,sg,0,1,0.9410188787,0.6593884345,0.7472607841,0.4780437219,0.5254184046,0.4335958058,0.8107814261,0.893046303,0.1652413235,0.8218989752,0.8507820482,0.777399484,0.4562842695,0.6672129662,0.8101922485,0.7245922229,0.8934977402,0.5850554218,0.3512980886,0.6921890498,0.8306773334,0.6095187719,0.8630311244,0.2443858538,0.8313888053,0.769195186,0.6527235033
story,13,The man praised the assistant of the bosses who was,1,sg,1,0.518308031,0.7561679182,0.1497026942,0.1449068341,0.1770411818,0.0463201293,0.04764010793,0.05096846839,0.06303693534,0.2895176917,0.1441581516,0.1341927877,0.07506873521,0.08726565643,0.2760422415,0.1795014175,0.1846545369,0.1131988406,0.1288655188,0.1345474849,0.06789448181,0.5466658597,0.2023447723,0.1272366848,0.1979505359,0.08097071212,0.06111229687,0.181465292
story,13,The man praised the assistant of the boss who was,1,sg,0,1,0.9715215014,0.9575876624,0.9909696818,0.9446103453,0.9684977961,0.9172330985,0.9929562289,0.994078924,0.9524768561,0.9630978044,0.9654606803,0.9519614385,0.9799881126,0.9839833774,0.9404503031,0.9397937563,0.9715086957,0.9536341172,0.9630495907,0.9486062591,0.9443044975,0.8850121094,0.9878826599,0.903929914,0.9361584264,0.9645168816,0.9955300049
story,13,The man videotaped the assistant of the bosses who was,0,sg,1,0.06728316534,0.6845962829,0.1893131318,0.1737308303,0.2569367445,0.04744659003,0.0513407641,0.06112637437,0.1883834565,0.2919501523,0.1460481448,0.3415389265,0.06718073102,0.08875043929,0.2132685397,0.1575147833,0.204711699,0.1525689511,0.1294982003,0.1365066054,0.2081758947,0.616791279,0.2623454989,0.1353549971,0.2535478801,0.2224337868,0.08080075046,0.2448762761
story,13,The man videotaped the assistant of the boss who was,0,sg,0,1,0.9839910295,0.9705366084,0.993001138,0.9551255147,0.9596578873,0.9325068813,0.9959987698,0.9902311819,0.966524193,0.9908875342,0.9808347493,0.9619756992,0.9758858362,0.9831254327,0.9604313472,0.9579860703,0.9899258475,0.9635476848,0.9688957637,0.9795240787,0.9674270739,0.9133686126,0.981469364,0.9659554878,0.9629600774,0.9705187679,0.9956502171
story,13,The man praised the boss of the assistant who was,1,sg,1,1,0.9744720251,0.9389269618,0.9819522481,0.945343863,0.927592566,0.8952028254,0.9682646225,0.984420916,0.921375947,0.9563373978,0.9644623017,0.8992817834,0.9541852591,0.9840482052,0.7985013921,0.9037250463,0.9763091009,0.9606477716,0.9515509798,0.9046428453,0.9720150049,0.8822271134,0.9309411731,0.9286445984,0.911939152,0.9926961934,0.9768657376
story,13,The man praised the bosses of the assistant who was,1,sg,0,0.450746183,0.9239438588,0.616954738,0.7067585341,0.6907942098,0.6502113914,0.6603884105,0.7591571501,0.7038710933,0.2894045652,0.56653818,0.7317981872,0.5065988009,0.4172461589,0.8581619673,0.2434864089,0.3635507372,0.6783223753,0.7805267708,0.5962999117,0.5422975299,0.7090566123,0.6495617353,0.5802816997,0.521328823,0.6490029857,0.9138825148,0.6553416959
story,13,The man videotaped the boss of the assistant who was,0,sg,1,1,0.9815171642,0.9526314933,0.9902856015,0.9620053372,0.9269617651,0.9240747052,0.9807705046,0.9807615044,0.9220495601,0.973961699,0.97821209,0.9186188414,0.9498417492,0.9801832962,0.8750113516,0.9481576674,0.9906645303,0.9269735245,0.9542921835,0.9505916743,0.9726140361,0.9145146931,0.9375285446,0.9611365277,0.9418499142,0.9852485957,0.9694774356
story,13,The man videotaped the bosses of the assistant who was,0,sg,0,0.1219730299,0.959360105,0.695059648,0.7972560594,0.9136998212,0.6621169566,0.5547105693,0.725263967,0.8936983289,0.3352340946,0.7616444456,0.8406963664,0.6800579011,0.4494697293,0.9119311389,0.434758577,0.4393824584,0.8169966129,0.7104798728,0.6950643375,0.5577569277,0.7280837256,0.6779512635,0.5490798645,0.6982784955,0.7881781116,0.927066647,0.8276349267
story,14,The man punished the accountant of the businessman who was,1,sg,1,0.9872260008,0.9449586984,0.9613937326,0.9888378736,0.9101072817,0.9677248872,0.8963097366,0.9849493607,0.976869277,0.9677470827,0.98891016,0.96835696,0.9800211546,0.9866895625,0.9797925299,0.9726280211,0.9240163269,0.9726979324,0.9627880683,0.9880852286,0.9411997429,0.9395739873,0.9404457203,0.9667532246,0.9028877255,0.9560331455,0.9842549468,0.9871633789
story,14,The man punished the accountants of the businessman who was,1,sg,0,0.9777688161,0.6817385619,0.8315122186,0.9182852708,0.7704892305,0.8846304913,0.7345146549,0.9099092216,0.9236733919,0.6703584205,0.9086669497,0.8362516786,0.9555092145,0.6017260165,0.9201668319,0.8800294977,0.7597125257,0.9093967878,0.8887306563,0.9362497671,0.7516442216,0.6467532401,0.8118999352,0.8875160073,0.6066585768,0.8710617231,0.9415268272,0.8624443272
story,14,The man saw the accountant of the businessman who was,0,sg,1,1,0.9831944829,0.9307970542,0.9221616502,0.9226866907,0.9399817024,0.8281548043,0.9659732324,0.9710462601,0.85001783,0.9845557338,0.9390445155,0.9609751971,0.9747761108,0.9377335227,0.9183333995,0.8944034437,0.9538938694,0.9511804641,0.9661137137,0.9278923539,0.8636584547,0.8882058003,0.9178179758,0.9238643812,0.931839143,0.9760665336,0.9595495728
story,14,The man saw the accountants of the businessman who was,0,sg,0,0.9797934826,0.5937322457,0.64686519,0.6987552412,0.6454827165,0.6797153153,0.106804379,0.7845958098,0.8078989082,0.1192263087,0.8485157663,0.6463072804,0.8908964898,0.7153716358,0.6481824146,0.6900289869,0.4085104666,0.7732023567,0.8400008799,0.7818980249,0.6530802894,0.3174436206,0.7161636564,0.7152502295,0.3253558262,0.7281367208,0.9091140392,0.7216923875
story,14,The man punished the businessman of the accountants who was,1,sg,1,0.7944037837,0.4390370115,0.228449141,0.1374540881,0.2307434598,0.1780148616,0.04555517488,0.0854783567,0.120667436,0.2766855926,0.4734087896,0.2833749568,0.1933955412,0.191605784,0.3193450724,0.1467092498,0.2790078409,0.2951601583,0.1396484809,0.108406105,0.1407733008,0.7171220879,0.3453131118,0.07932102382,0.2463447603,0.1251843202,0.07134087757,0.4811680942
story,14,The man punished the businessman of the accountant who was,1,sg,0,0.9904180952,0.9237542626,0.9610222944,0.992804551,0.9327606287,0.9419123474,0.913009189,0.9858930301,0.9841573488,0.9535292093,0.9740616255,0.9673943266,0.964588731,0.9880643788,0.9784410967,0.9581106549,0.914494117,0.9754143442,0.9602256082,0.9957507677,0.946763511,0.9491308258,0.9437688616,0.9679859674,0.9138742058,0.9643708427,0.971249162,0.9878020287
story,14,The man saw the businessman of the accountants who was,0,sg,1,0.8054632236,0.8269305047,0.1679680081,0.1359149274,0.1331513023,0.1830310529,0,0.05788054391,0.06712624912,0.09229395318,0.3266785297,0.1269977869,0.2026835575,0.2371153654,0.2103616496,0.1618492509,0.2733143766,0.2316716152,0.09399422918,0.04498010175,0.203377492,0.3458681204,0.3564095386,0.06590684631,0.2123193099,0.1153681783,0.05138699703,0.2695192297
story,14,The man saw the businessman of the accountant who was,0,sg,0,1,0.9825908421,0.9187910877,0.9184926932,0.9378579957,0.9096953457,0.7492151851,0.9747573717,0.9819266729,0.755147665,0.9687498345,0.9190805811,0.9402342628,0.9492597402,0.9500990278,0.9234417788,0.9018946629,0.9495133355,0.9486775166,0.976873443,0.9317725502,0.8704256207,0.8956892004,0.8685114499,0.9325564471,0.9154799793,0.9659802858,0.9344445454
story,16,The man scolded the landlady of the actors who was,1,sg,1,0.7033187466,0.1082260255,0.1457220926,0.07789273042,0.1620663462,0.04394645483,0.02764183986,0.02718059008,0.1178714555,0.2559121086,0.1544181528,0.102686348,0.09545758326,0.08468437696,0.2724997287,0.2013536433,0.1694700961,0.1297914333,0.09593711336,0.3202946206,0.09618596537,0.4252867458,0.1148487748,0.1059614889,0.2032997725,0.01867458339,0.06372897718,0.2759613841
story,16,The man scolded the landladies of the actor who was,1,sg,0,1,0.9842957685,0.9498075252,0.974145116,0.9543202068,0.9574481132,0.9666650882,0.9864380747,0.982069242,0.9487912345,0.9608561781,0.9458216845,0.9160244887,0.96191428,0.9678970525,0.9189993091,0.8671578228,0.9740887826,0.9598219817,0.9737367772,0.9528369448,0.9226950115,0.9217027046,0.9764585975,0.9206996305,0.9636453204,0.9551605217,0.915793966
story,16,The man recognized the landlady of the actors who was,0,sg,1,0.5268532448,0.2203636574,0.1923209391,0.1058120638,0.1092357603,0.07731583538,0.02214921845,0.0288187799,0.0929025502,0.4277686106,0.1842647901,0.3000328485,0.2099703248,0.1258446407,0.2515006277,0.1786176342,0.2039048385,0.2367810769,0.1270103884,0.3529569522,0.2007403091,0.4072378595,0.2953707413,0.1190861591,0.2620969392,0.04903525013,0.08136977085,0.3581995087
story,16,The man recognized the landladies of the actor who was,0,sg,0,0.9932205541,0.9514815651,0.9487800429,0.9734435752,0.9559107489,0.9401609711,0.9521310005,0.9700082201,0.9788258653,0.9212078987,0.9683326753,0.9728208716,0.8785584528,0.9495962373,0.964369073,0.9259376993,0.9049591209,0.9695096316,0.9529924706,0.9642997215,0.9658599179,0.9215209573,0.9179510484,0.9598905189,0.9355310492,0.9698221996,0.9761916207,0.9296695275
story,16,The man scolded the actor of the landladies who was,1,sg,1,0.688176257,0.4221298314,0.8735638128,0.8955828324,0.9114940773,0.8697683055,0.736909989,0.9496289522,0.9230173677,0.8914672867,0.9172648691,0.8279887715,0.8653041773,0.9501798481,0.9078746151,0.6743628712,0.8218198875,0.9582375761,0.8281430896,0.9113442266,0.9174259273,0.9412968186,0.8737314047,0.8715341178,0.861648219,0.8617564984,0.7796068932,0.891706699
story,16,The man scolded the actors of the landlady who was,1,sg,0,0.9756693455,0.8712666593,0.7499334525,0.8847295083,0.6995238845,0.7969502661,0.892731297,0.8240475726,0.924000955,0.4563909197,0.8350085545,0.8261819974,0.8548377669,0.4922878179,0.9529015505,0.7018040026,0.6016895275,0.8741667027,0.6868301253,0.9449022272,0.6186011491,0.6395713427,0.5363744193,0.8322706455,0.7627988523,0.8465007918,0.6012724818,0.6619619532
story,16,The man recognized the actor of the landladies who was,0,sg,1,0.6433532713,0.6741684376,0.8902168209,0.8724409629,0.9205964905,0.8841074194,0.8395064404,0.9387810677,0.9539182855,0.8524783443,0.9214347839,0.9522759332,0.8653226453,0.9470191977,0.8117221555,0.6598297178,0.8615978626,0.9789859433,0.9350384769,0.9093221875,0.9575741808,0.9445656275,0.8991199658,0.8657852274,0.8989779841,0.8202486869,0.8565479032,0.9082230309
story,16,The man recognized the actors of the landlady who was,0,sg,0,0.966437697,0.6249746368,0.6342655988,0.7545508413,0.6198188417,0.7910493663,0.4154247369,0.5819347022,0.8575724644,0.2252593012,0.717958774,0.8083269837,0.7096058717,0.4800521421,0.7890755428,0.6398621152,0.5742992877,0.6903131988,0.7246135871,0.8870630922,0.4619690152,0.5132865575,0.6567346111,0.6756576121,0.8245792153,0.648486305,0.3429953923,0.466150413
story,17,The man rewarded the servant of the dictator who was,1,sg,1,1,0.9030908207,0.9743589049,0.994697667,0.9677933368,0.9737627854,0.9389600642,0.9918918225,0.9787225009,0.9649627391,0.9919967184,0.9827445034,0.9631018454,0.9945519199,0.9678021841,0.9363965389,0.9609003195,0.9911331288,0.9706559891,0.9961701475,0.9914285203,0.9864553822,0.9574923429,0.9838124386,0.9583826336,0.9632017845,0.959985782,0.9919695273
story,17,The man rewarded the servants of the dictator who was,1,sg,0,0.971056469,0.7846257722,0.7292557755,0.9374419002,0.8084435746,0.7527351372,0.7367438461,0.8204144294,0.8932727584,0.4274271403,0.7743114052,0.8047162798,0.8087875563,0.410531594,0.8475016697,0.7087651156,0.4786812918,0.9311418326,0.8768280402,0.8524004653,0.556241576,0.8040758783,0.7968196543,0.6936593397,0.7017316059,0.316742005,0.7562420187,0.7357382738
story,17,The man inspected the servant of the dictator who was,0,sg,1,1,0.9876336786,0.9771591995,0.9926060891,0.96565413,0.9772335704,0.9768044545,1,0.9860321139,0.9760249022,0.984427879,0.9898522785,0.9460727619,0.9913878814,0.9647899801,0.9251113304,0.9663357694,0.9925619183,0.9708944933,0.9947242584,0.9908229337,0.9868843866,0.9387502278,0.9956962312,0.9746120335,0.9725282877,0.9772400515,0.9919320236
story,17,The man inspected the servants of the dictator who was,0,sg,0,0.9661741935,0.8907379362,0.815749107,0.9439313453,0.896175603,0.763252375,0.6849253437,0.9755942261,0.9398559304,0.6441725806,0.8737144022,0.8152336912,0.8187943534,0.3750978477,0.8062301047,0.7689139903,0.6915208718,0.9463736776,0.8717380783,0.8651699156,0.7866052045,0.8411663689,0.7564682292,0.8897249849,0.7714981155,0.8764376143,0.8673076622,0.9238251594
story,17,The man rewarded the dictator of the servants who was,1,sg,1,0.6357878076,0.2769509662,0.2016408811,0.1019752285,0.2627669578,0.1186944632,0.07155368333,0.02325931158,0.1502591687,0.2317494197,0.3048126428,0.195596656,0.1444843986,0.06094945539,0.2558309927,0.07533357278,0.1978479104,0.278377789,0.3909158808,0.1010805508,0.09295658479,0.6771877318,0.3268931543,0.1274998176,0.2147270707,0.08878617502,0.07830082386,0.4691825883
story,17,The man rewarded the dictator of the servant who was,1,sg,0,1,0.9713661104,0.9533367667,0.9879998978,0.9287721287,0.9572327004,0.9037853729,0.9714261202,0.9701996726,0.935128748,0.9848843291,0.9685900861,0.9536950637,0.9769349734,0.9681983657,0.948567925,0.9323721739,0.9724781001,0.9535831678,0.9821384235,0.923398369,0.9629757251,0.9449065446,0.9881916375,0.9100095445,0.8994045071,0.9150574828,0.9934881068
story,17,The man inspected the dictator of the servants who was,0,sg,1,0.6120718873,0.7006922227,0.2343994831,0.08047204046,0.2434995321,0.09804934092,0.05797999077,0.06255421439,0.2644656231,0.3308949465,0.1977940442,0.2432866237,0.1612209476,0.06245327036,0.1755496817,0.07025026028,0.2847309316,0.3314909154,0.3321364527,0.1645048118,0.2220666124,0.7467300904,0.541059843,0.1718200358,0.1893368025,0.1955152214,0.09832928134,0.5337955641
story,17,The man inspected the dictator of the servant who was,0,sg,0,1,0.9919622207,0.9586852532,0.9844647633,0.915715148,0.9498445187,0.9543599702,1,0.9742493288,0.9575869866,0.9698081947,0.977676619,0.9436847693,0.9690079398,0.9618773512,0.9439920965,0.9417178536,0.9750290371,0.959541208,0.9788320791,0.9503684775,0.9675011079,0.9195110944,0.9874989928,0.9327186402,0.9468422163,0.913380982,0.9919219541
story,18,The man ridiculed the fan of the singers who was,1,sg,1,0.439187837,0.8093716713,0.105401366,0.0362018284,0.1103143684,0.03847600987,0.02453887585,0.02832463846,0.04155073325,0.254996485,0.1115651786,0.1910723656,0.02808650942,0.08309042855,0.1118673537,0.06138327602,0.1513702591,0.1013577316,0.08617246358,0.03665774538,0.1115089127,0.389840121,0.185669535,0.09311589405,0.09011223379,0.03331854496,0.05453995817,0.1799026986
story,18,The man ridiculed the fans of the singer who was,1,sg,0,0.8544981288,0.8565668451,0.8150082451,0.9236753578,0.8774459874,0.7518213338,0.8950533857,0.8840362401,0.9327142175,0.6077419018,0.7448599051,0.8721354048,0.9123596835,0.4577500113,0.9430562815,0.7802307192,0.738506852,0.8948772058,0.8084735115,0.8879816013,0.728742433,0.7955682379,0.7529885974,0.8857049512,0.7704656895,0.8563383975,0.7080663526,0.9646118695
story,18,The man counted the fan of the singers who was,0,sg,1,0.1437500031,0.1996321445,0.1081375558,0.04776613985,0.149757246,0.05723110634,0.03848141133,0.02280582857,0.04435164491,0.2599365626,0.08112540207,0.1903293493,0.03677913343,0.110117954,0.09593806253,0.09423819842,0.1346291877,0.1079326054,0.04663708166,0.03563585958,0.1322075138,0.3603533413,0.2026216231,0.1001704077,0.06252725982,0.1090880599,0.07578380745,0.1069941076
story,18,The man counted the fans of the singer who was,0,sg,0,0.4056160478,0.5401843919,0.7920594424,0.920430931,0.933412326,0.7559706916,0.7729366949,0.8171784123,0.8602077458,0.6598620674,0.7059374582,0.8309634114,0.8271864803,0.5163721995,0.8352809428,0.8298874508,0.7821425272,0.8721500721,0.7598221462,0.8663004594,0.7103162729,0.7586931175,0.7194771572,0.7636552053,0.7402581098,0.9054972514,0.7264703928,0.9310765364
story,18,The man ridiculed the singer of the fans who was,1,sg,1,0.168680772,0.09503577757,0.1533763238,0.1109358571,0.1531757343,0.07908056671,0.03730304724,0.04053863064,0.04015160927,0.314982517,0.1407297294,0.1661602175,0.1384679001,0.1207452954,0.3428628705,0.1441588757,0.1241256909,0.1866009448,0.09405519078,0.02505148628,0.1840769411,0.342752133,0.2420320763,0.0630448586,0.2270758197,0.07177127928,0.074715563,0.3698132606
story,18,The man ridiculed the singers of the fan who was,1,sg,0,0.9100362986,0.7533676469,0.5443723176,0.5108313724,0.2993411992,0.6052903938,0.2052144919,0.64757578,0.3549102797,0.4558849816,0.4029052975,0.8233800499,0.6283216499,0.3384199326,0.7596204122,0.6961805429,0.4304647055,0.8287724226,0.9084644721,0.6616323014,0.1208687647,0.5773256441,0.702977702,0.4752030662,0.3094176976,0.6780467967,0.2914081858,0.8968497988
story,18,The man counted the singer of the fans who was,0,sg,1,0.03997592153,0.09763170956,0.1528846565,0.1339246687,0.1850995761,0.1097431329,0.05151352823,0.02395187668,0.0774383393,0.3230740335,0.1216854676,0.1822534494,0.1162214155,0.1172283174,0.285658825,0.1229840314,0.1939265912,0.2163064185,0.07718868563,0.03013422813,0.1719870035,0.3141244779,0.2181263699,0.08352367023,0.1358247814,0.2383853317,0.09381627513,0.1979959174
story,18,The man counted the singers of the fan who was,0,sg,0,0.5088010525,0.3226958166,0.5091998848,0.4644122712,0.5115090692,0.692271362,0.1073892933,0.469873293,0.3058218488,0.5187453643,0.4007567948,0.7604206187,0.4557679398,0.371917946,0.3890375136,0.7371541785,0.4419584484,0.8173094803,0.8261120227,0.5325244884,0.1331744007,0.5192839063,0.6712365355,0.4159610902,0.2915452453,0.7861314904,0.2740594453,0.8356230732
story,19,The man thanked the representative of the employees who was,1,sg,1,0.893756528,0.3021256672,0.12430046,0.1193947935,0.1515854236,0.05479647416,0.02291446637,0.02603397641,0.148425983,0.1989966814,0.1224220682,0.04332628044,0.03678234614,0.06650557943,0.3515498385,0.1492717101,0.1160643797,0.2877690476,0.1049485858,0.02930270091,0.02567142827,0.3018274762,0.1427206265,0.06771568198,0.112505398,0.122842103,0.05780018203,0.2463382693
story,19,The man thanked the representatives of the employee who was,1,sg,0,1,0.9508903376,0.7178089763,0.8868355509,0.7248799505,0.7396898802,0.8557716014,0.8833377951,0.7378458895,0.6836617781,0.4562445799,0.7044608252,0.8327526451,0.6085236632,0.87997152,0.7489805382,0.6134214791,0.8599244828,0.6180518158,0.9244316402,0.541363057,0.6422666348,0.4733788096,0.6004504365,0.5684981614,0.8733804755,0.7720023761,0.7150988224
story,19,The man interviewed the representative of the employees who was,0,sg,1,0.4382999324,0.3530291268,0.1775226516,0.1106995137,0.1331705222,0.06343355229,0.01233056751,0.1257675036,0.2505238919,0.2454126993,0.1486749501,0.1523250047,0.05173555171,0.08760595458,0.5100466632,0.2166923445,0.1476122004,0.380906707,0.2227681756,0.05097616444,0.1076969154,0.3842317373,0.2444561193,0.05921042943,0.0818551548,0.3056765924,0.08391787149,0.2603395044
story,19,The man interviewed the representatives of the employee who was,0,sg,0,0.9739154685,0.9740334113,0.7127242945,0.8884737091,0.7679181865,0.6524804822,0.5630747133,0.9818200691,0.6963025373,0.6873041462,0.5934680641,0.7062754272,0.8662445187,0.3878005627,0.9347003525,0.7622401013,0.700696948,0.8787322998,0.5833534965,0.8958807329,0.5444567644,0.7156489735,0.6768345581,0.5226609874,0.543817793,0.8040689889,0.8092744118,0.6545785381
story,19,The man thanked the employee of the representatives who was,1,sg,1,0.318533764,0.4212414787,0.1355580006,0.08728501117,0.2289365999,0.0489883582,0.05931028213,0.02737952962,0.07190302434,0.3249488803,0.2735635645,0.08375112401,0.03923241938,0.03867678142,0.2366242392,0.1443690507,0.1322694404,0.188632194,0.1158193578,0.1166152039,0.03610647312,0.2282512,0.12945004,0.07343058951,0.05620662094,0.2757098575,0.02605698962,0.3454331845
story,19,The man thanked the employees of the representative who was,1,sg,0,0.9779174796,0.925266818,0.7358912654,0.8953464033,0.6334168493,0.804221294,0.6365069374,0.8643703626,0.84808902,0.678128535,0.7087576282,0.7465693746,0.5440987166,0.7057270203,0.8910211404,0.8160295922,0.640106505,0.8264204769,0.6924185777,0.8834927347,0.6335649542,0.64443868,0.4304012907,0.7609213377,0.4650432003,0.9030507184,0.8906149453,0.8545253397
story,19,The man interviewed the employee of the representatives who was,0,sg,1,0.4433014995,0.234650576,0.2056890808,0.09156480136,0.2143311251,0.0548265422,0.02050455512,0.1576549145,0.1208631668,0.3970678214,0.3950889979,0.2823540581,0.05299983649,0.05375319037,0.4556689921,0.2133574877,0.2643374052,0.3196224011,0.1469361866,0.1932344542,0.1127239603,0.267396879,0.2562621483,0.08218883891,0.06787722273,0.4942812033,0.07062800191,0.3567028296
story,19,The man interviewed the employees of the representative who was,0,sg,0,0.9677145802,0.9740561252,0.7239426968,0.8884497433,0.7486213443,0.7849199536,0.3807839913,0.9417450321,0.8367226744,0.4652973304,0.6830281779,0.7589707561,0.6538230906,0.4401892898,0.9382533341,0.8422968016,0.7729062076,0.8299739164,0.7105451073,0.7953843389,0.6664344063,0.7307917507,0.5894092847,0.703047209,0.3756511576,0.8805421176,0.8890769716,0.7917034339
story,20,The woman values the surgeon of the soldiers who was,1,sg,1,0.4132023507,0.2126633854,0.08281200913,0.03886395959,0.05559283327,0.08334507343,0.0361627657,0.008091315912,0.06772106117,0.1332098258,0.1100269747,0.08751409469,0.02915446965,0.1416132833,0.1143556325,0.05086401673,0.2340153497,0.05204795715,0.04570398127,0.0303926863,0.03784895072,0.2195111905,0.159340346,0.07470852896,0.0848344616,0.0111637066,0.05891795032,0.1052998126
story,20,The woman values the surgeons of the soldier who was,1,sg,0,0.9090381225,0.9528424937,0.6185988907,0.7178318073,0.3578457723,0.6757108125,0.5819172027,0.8481557873,0.822575749,0.186764695,0.5692258705,0.7461023908,0.7316381865,0.3872858741,0.7949457579,0.718022523,0.4171068509,0.8468415666,0.7140184652,0.4839618855,0.7759075482,0.7163705776,0.4987194802,0.5452531678,0.5284505436,0.5062641842,0.3751126335,0.9189429352
story,20,The woman lives next to the surgeon of the soldiers who was,0,sg,1,0.7876945342,0.1371888163,0.1165558066,0.09887650872,0.06480001346,0.03959474333,0.06568632737,0.009362182621,0.11204221,0.3111414705,0.09340177532,0.09568960723,0.05864443986,0.08275293921,0.1754850765,0.1277775058,0.1759200763,0.09593779546,0.1506784824,0.05272283972,0.06074579539,0.2433991868,0.1756796608,0.1450402396,0.1132037629,0.01509741298,0.07702268579,0.2731924276
story,20,The woman lives next to the surgeons of the soldier who was,0,sg,0,0.9746254216,0.9941750727,0.8318632142,0.9084866074,0.6995289931,0.9072577362,0.8855605983,0.9577613614,0.9455482898,0.5598867469,0.8997897884,0.8829488525,0.8976515079,0.5799664162,0.931032292,0.9382385219,0.4493479941,0.9218234429,0.8919219579,0.8696224831,0.9203710919,0.9340395171,0.8463204415,0.8838842558,0.8108781303,0.8489852528,0.4555189289,0.9702091458
story,20,The woman values the soldier of the surgeons who was,1,sg,1,0.491226192,0.09772572501,0.1107905402,0.05210336015,0.09785076961,0.2262336634,0.02594447426,0.02527180051,0.064081939,0.09486344048,0.1256583197,0.2052446477,0.0734197885,0.1083279624,0.09826804885,0.04943043398,0.2453885181,0.07982518138,0.05446801848,0.03085615429,0.136916925,0.2096334778,0.2357759365,0.03671736051,0.1484330689,0.05922461233,0.05397670663,0.2318488961
story,20,The woman values the soldiers of the surgeon who was,1,sg,0,0.9655416383,0.9695014321,0.6139126561,0.5033290859,0.4874786058,0.6444005702,0.3693421753,0.6882551011,0.8316676959,0.144208331,0.3632905415,0.6447515666,0.7531002064,0.81735865,0.7338285615,0.6801753939,0.5805199698,0.6497820583,0.7636390296,0.5747115583,0.5875985355,0.6427670017,0.6928782437,0.8416837869,0.3448652453,0.5690859781,0.6893014138,0.7497970976
story,20,The woman lives next to the soldier of the surgeons who was,0,sg,1,0.7748638555,0.3343559457,0.1444768702,0.08069005873,0.1542949365,0.07201034226,0.05603833244,0.02511155468,0.1315746209,0.1203243693,0.1404595394,0.2143935265,0.135451009,0.06976744851,0.1167370044,0.09407593048,0.172750835,0.1111198728,0.1041848847,0.03249235703,0.2918511548,0.2514230264,0.292045019,0.1276871672,0.2100548565,0.07904325761,0.0801023293,0.4482383214
story,20,The woman lives next to the soldiers of the surgeon who was,0,sg,0,1,0.9609095679,0.8496444449,0.8736003145,0.8157449277,0.8732016451,0.9054994368,0.8270993871,0.9471576695,0.3953714931,0.7102009262,0.7847132329,0.9183523376,0.9037619653,0.9205190773,0.9150402902,0.8115751267,0.8031072135,0.9055050964,0.8531386459,0.8637041347,0.886998601,0.8658816306,0.9486259366,0.8070574004,0.8626210513,0.9191478717,0.9234857098